0,15,0,,,,,,,長さ,１試合の長さを設定します,半荘戦,東風戦,一荘戦,東北戦,一局清算,東々戦,東南西戦,東風戦(東場固定),,,,,,,,,
1,15,0,,,,,,,延長戦の制限,延長戦の有無と長さを設定します,無制限,1場まで,なし,,,,,,,,,,,,,,
2,15,0,,,,,,,北場の次,北四局を越えて延長戦が行われる場合の処置を設定します,返り東,白入,,,,,,,,,,,,,,,
3,5,0,,,,,,,配給原点,試合開始時の持ち点を設定します,25000点 (オカ20),27000点 (オカ12),30000点 (オカ無),35000点 (オカ-20),40000点 (オカ-40),20000点 (オカ40),,,,,,,,,,,
3,10,0,,,,,,,配給原点,試合開始時の持ち点を設定します,35000点 (オカ15),40000点 (オカ無),45000点 (オカ-15),50000点 (オカ-30),25000点 (オカ15),27000点 (オカ９),30000点 (オカ無),25000点 (オカ45),30000点 (オカ30),,,,,,,,
4,5,0,,,,,,,ウマ,順位に応じて増減する点数を設定します,5-10,10-20,10-30,20-40,20-50,20-60,7-5-3,8-3-1,10-20-30,沈みウマ5,沈みウマ10,沈みウマ20,なし,0-3,0-5,3-5,
4,10,0,,,,,,,ウマ,順位に応じて増減する点数を設定します(３位から１位に移動),10,20,30,40,50,60,4-8,5-10,10-20,沈みウマ5,沈みウマ10,沈みウマ20,なし,3,5,8,
5,15,0,,,,,,,トビ,誰かの持ち点がなくなった時点で終了するかどうかを設定します,０点未満,０点以下,なし,,,,,,,,,,,,,,
6,15,0,,,,,,,トビ賞,誰かの持ち点を０未満にしたときにもらえるボーナスです,なし,10000点,20000点,チップ１枚,チップ２枚,チップ３枚,,,,,,,,,,,
7,15,0,,,,,,,立直時点棒要件,立直宣言時に持っていなければならない点数を設定します(飛び無しルールでは無視されます),1000点以上,1100点以上,なし,,,,,,,,,,,,,,
8,15,0,,,,,,,焼き鳥,一度も和了れなかった人がトップに支払う点数です,なし,5000点,10000点,チップ１枚,チップ２枚,チップ３枚,,,,,,,,,,,
9,1,0,,,,,,,喰い替え,喰い替えをした時の罰則を設定します,和了り放棄,錯和,あり,和了り放棄(現物のみ),錯和(現物のみ),,,,,,,,,,,,
9,14,0,,,,,,,喰い替え,喰い替えをした時の罰則を設定します,和了り放棄,錯和,あり,,,,,,,,,,,,,,
10,15,0,,,,,,,二飜縛り,二飜縛りの有無を設定します,なし,５本場以降,４本場以降,,,,,,,,,,,,,,
11,15,0,,,,,,,連荘条件,荒牌時の連荘条件を設定します,聴牌連荘,和了連荘,不聴連荘,連荘なし,聴牌連荘(最終場は不聴連荘),和了連荘(最終場は聴牌連荘),,,,,,,,,,,
12,15,0,,,,,,,和了り止め,オーラスで浮いているトップの親の和了り止めを設定します,あり,なし,あり(聴牌止めあり),,,,,,,,,,,,,,
13,1,0,,,,,,,複数和了,二家和/三家和のルールを設定します,頭ハネ/流局,頭ハネ,ダブロン/流局,ダブロン,トリロン,,,,,,,,,,,,
13,14,0,,,,,,,複数和了,二家和のルールを設定します,頭ハネ,>>>,ダブロン,>>>,>>>,流局,,,,,,,,,,,
14,15,0,,,,,,,同時和了時,複数和了り時の連荘条件を設定します,親の和了りで連荘,親が上家の場合連荘,親流れ,,,,,,,,,,,,,,
15,1,0,,,,,,,三家和流れ,三家和で流れる時の連荘条件を設定します,子の放銃で連荘,北家の放銃で連荘,連荘,親流れ,,,,,,,,,,,,,
15,14,0,,,,,,,二家和流れ,二家和で流れる時の連荘条件を設定します,子の放銃で連荘,北家の放銃で連荘,連荘,親流れ,,,,,,,,,,,,,
16,7,8,,,,,,,九種九牌,九種九牌のときのルールを設定します,連荘,親の九種で連荘,親流れ,場を続行,,,,,,,,,,,,,
17,15,0,,,,,,,四開槓,二人以上で４回槓が行なわれたときのルールを設定します,連荘,親流れ,場を続行,,,,,,,,,,,,,,
18,15,0,,,,,,,５回目の槓,５回目の槓ができるかどうかのルールを設定します,なし,あり(連荘),あり(親流れ),,,,,,,,,,,,,,
19,1,8,,,,,,,四風連打,鳴きのない１巡目に４人が同じ風牌を捨てたときのルールを設定します,連荘,親流れ,場を続行,,,,,,,,,,,,,,
19,6,8,,,,,,,三風連打,鳴きのない１巡目に３人が同じ風牌を捨てたときのルールを設定します,場を続行,連荘,親流れ,,,,,,,,,,,,,,
20,1,0,,,,,,,四人立直,４人全員が立直したときのルールを設定します,連荘,親流れ,場を続行,,,,,,,,,,,,,,
20,14,0,,,,,,,三人立直,３人全員が立直したときのルールを設定します,場を続行,連荘,親流れ,,,,,,,,,,,,,,
21,7,0,,,,,,,単一ダブル役満,国士無双十三面張・純正九連宝燈・四暗刻単騎聴・大四喜のダブル役満扱いの有無を設定します,あり,なし,,,,,,,,,,,,,,,
21,8,0,,,,,,,単一ダブル役満,純正九連宝燈・四暗刻単騎聴のダブル役満扱いの有無を設定します,あり,なし,,,,,,,,,,,,,,,
22,15,0,,,,,,,切り上げ満貫,三十符四飜、六十符三飜を満貫とみなすかを設定します,なし,あり,,,,,,,,,,,,,,,
23,15,0,,,,,,,点数計算,点数を簡略計算するかを設定します,正式,略式,,,,,,,,,,,,,,,
24,7,8,,,,,,,雀頭符の重複,ダブ風牌など、刻子にすると2飜以上になる役牌の雀頭に与えられる符を設定します,あり,なし,,,,,,,,,,,,,,,
25,13,0,,,,,,,積み棒,積み棒のレートを設定します,場300点,>>>,場1500点,なし,,,,,,,,,,,,,
25,2,0,,,,,,,積み棒,積み棒のレートを設定します,場200点,場600点,場1000点,なし,,,,,,,,,,,,,
26,15,0,,,,,,,大明槓の包,大明槓したときの嶺上牌で和了りになった場合の処理を設定します,なし,あり,あり(連槓含む),なし(２飜),あり(２飜),あり(連槓含む２飜),和了者の錯和,,,,,,,,,,
27,7,8,,,,,,,大三元・大四喜の包,大三元・大四喜を確定させたプレイヤーの責任払いの有無を設定します,あり,なし,,,,,,,,,,,,,,,
28,15,0,,,,,,,三倍満,三倍満とする飜数を設定します(場ゾロを含まず),１１飜以上,１０飜以上,,,,,,,,,,,,,,,
29,15,0,,,,,,,数え役満,数え役満とする飜数を設定します(場ゾロを含まず),１３飜以上,１２飜以上,なし,,,,,,,,,,,,,,
30,15,0,,,,,,,立直縛り,立直縛りの有無を設定します,なし,あり,,,,,,,,,,,,,,,
31,15,0,,,,,,,暗槓の伏せ方,暗槓した牌を開示するかを設定します,開示,非開示,,,,,,,,,,,,,,,
32,7,8,,,,,,,暗槓の搶槓,暗槓の牌で国士無双を和了れるかを設定します,あり,なし,,,,,,,,,,,,,,,
33,15,0,,,,,,,加槓牌の振聴,加槓した牌を振聴の対象とみなすかを設定します,なし,あり,,,,,,,,,,,,,,,
34,10,1,,,,,,,自摸和了の点数,ツモ和了りの点数の負担方法を設定します,完全折半,>>>,自摸損,千点加符,丸取り,北家分折半,,,,,,,,,,,
34,4,1,,,,,,,自摸和了の点数,ツモ和了りの点数の負担方法を設定します,四人打ち準拠,完全折半,自摸損,千点加符,丸取り,北家分折半,,,,,,,,,,,
40,15,0,,,,,,,ドラ表示牌,ドラ表示牌の意味を設定します,ネクスト牌,現物,前後と現物,,,,,,,,,,,,,,
41,15,0,,,,,,,裏ドラ,裏ドラの有無を設定します,あり,なし,,,,,,,,,,,,,,,
42,15,0,,,,,,,槓ドラ,槓ドラの有無を設定します,あり,なし,あり(槓裏無し),,,,,,,,,,,,,,
43,15,0,,,,,,,赤一,赤ドラ(１の牌)の有無を設定します,なし,筒子,索子,筒子と索子,萬子,萬子と筒子,萬子と索子,全種類,,,,,,,,,
44,9,0,,,,,,,赤二,赤ドラ(２の牌)の有無を設定します,なし,筒子,索子,筒子と索子,萬子,萬子と筒子,萬子と索子,全種類,,,,,,,,,
44,6,0,,,,,,,赤二,赤ドラ(２の牌)の有無を設定します,なし,筒子,索子,筒子と索子,,,,,,,,,,,,,
45,9,0,,,,,,,赤三,赤ドラ(３の牌)の有無を設定します,なし,筒子,索子,筒子と索子,萬子,萬子と筒子,萬子と索子,全種類,,,,,,,,,
45,6,0,,,,,,,赤三,赤ドラ(３の牌)の有無を設定します,なし,筒子,索子,筒子と索子,,,,,,,,,,,,,
46,9,0,,,,,,,赤四,赤ドラ(４の牌)の有無を設定します,なし,筒子,索子,筒子と索子,萬子,萬子と筒子,萬子と索子,全種類,,,,,,,,,
46,6,0,,,,,,,赤四,赤ドラ(４の牌)の有無を設定します,なし,筒子,索子,筒子と索子,,,,,,,,,,,,,
47,9,0,,,,,,,赤五,赤ドラの有無を設定します,３枚,４枚,６枚,筒子２枚,>>>,>>>,>>>,>>>,なし,筒子,索子,筒子と索子,萬子,萬子と筒子,萬子と索子,,
47,6,0,,,,,,,赤五,赤ドラの有無を設定します,２枚,>>>,４枚,筒子２枚,>>>,>>>,>>>,>>>,なし,筒子,索子,,,,,,
48,9,0,,,,,,,赤六,赤ドラ(６の牌)の有無を設定します,なし,筒子,索子,筒子と索子,萬子,萬子と筒子,萬子と索子,全種類,,,,,,,,,
48,6,0,,,,,,,赤六,赤ドラ(６の牌)の有無を設定します,なし,筒子,索子,筒子と索子,,,,,,,,,,,,,
49,9,0,,,,,,,赤七,赤ドラ(７の牌)の有無を設定します,なし,筒子,索子,筒子と索子,萬子,萬子と筒子,萬子と索子,全種類,,,,,,,,,
49,6,0,,,,,,,赤七,赤ドラ(７の牌)の有無を設定します,なし,筒子,索子,筒子と索子,,,,,,,,,,,,,
50,9,0,,,,,,,赤八,赤ドラ(８の牌)の有無を設定します,なし,筒子,索子,筒子と索子,萬子,萬子と筒子,萬子と索子,全種類,,,,,,,,,
50,6,0,,,,,,,赤八,赤ドラ(８の牌)の有無を設定します,なし,筒子,索子,筒子と索子,,,,,,,,,,,,,
51,15,0,,,,,,,赤九,赤ドラ(９の牌)の有無を設定します,なし,筒子,索子,筒子と索子,萬子,萬子と筒子,萬子と索子,全種類,,,,,,,,,
52,7,8,,,,,,,赤西,赤ドラ(西風牌)の有無を設定します,なし,１枚,,,,,,,,,,,,,,,
53,7,8,,,,,,,赤北,赤ドラ(北風牌)の有無を設定します,なし,１枚,２枚,３枚,４枚,,,,,,,,,,,,
54,7,8,,,,,,,白ポッチ,白ポッチの有無と意味を設定します,なし,１枚(ドラ扱い),,,,,,,,,,,,,,,
55,15,0,,,,,,,青ドラ,青ドラの価値を設定します,１飜,２飜,マイナス１飜,０飜,,,,,,,,,,,,,
56,15,0,,,,,,,青一,青ドラ(１の牌)の有無を設定します,なし,筒子,索子,筒子と索子,萬子,萬子と筒子,萬子と索子,全種類,,,,,,,,,
57,9,0,,,,,,,青五,青ドラ(５の牌)の有無を設定します,なし,筒子,索子,筒子と索子,萬子,萬子と筒子,萬子と索子,全種類,,,,,,,,,
57,6,0,,,,,,,青五,青ドラ(５の牌)の有無を設定します,なし,筒子,索子,筒子と索子,,,,,,,,,,,,,
58,15,0,,,,,,,青九,青ドラ(９の牌)の有無を設定します,なし,筒子,索子,筒子と索子,萬子,萬子と筒子,萬子と索子,全種類,,,,,,,,,
59,7,8,,,,,,,青発,青ドラ(発)の有無を設定します,なし,あり,,,,,,,,,,,,,,,
60,15,0,,,,,,,アリス,門前和了りの時に牌をめくって得られる祝儀を設定します,なし,あり,,,,,,,,,,,,,,,
61,1,8,,,,,,,花牌,花牌の有無を設定します,なし,春夏秋冬,梅蘭菊竹,８枚,,,,,,,,,,,,,
61,6,8,,,,,,,抜きドラ,抜きドラの有無を設定します,なし,北４枚,,,,,,,,,,,,,,,
62,15,0,,,,,,,チップ,チップは一発、裏、赤(門前のみ)、アリス、役満につきます,なし,500点/枚,1000点/枚,2000点/枚,3000点/枚,5000点/枚,10000点/枚,,,,,,,,,,
63,15,0,,,,,,,役満祝儀,役満を和了った時にもらえるチップの数を設定します,チップ５枚,チップ１０枚,ツモ各２枚、ロン３枚,ツモ各４枚、ロン６枚,ツモ各４枚、ロン８枚,ツモ各５枚、ロン１０枚,２枚オール,６枚オール,,,,,,,,,
64,15,0,,,,,,,赤牌祝儀,赤牌に対するチップの有無を設定します,門前のみ,立直時のみ,常時,門前のみ(非ドラ),立直時のみ(非ドラ),常時(非ドラ),,,,,,,,,,,
65,15,0,,,,,,,青牌祝儀,青牌に対するチップの有無を設定します,門前のみ,立直時のみ,常時,なし,,,,,,,,,,,,,
66,15,0,,,,,,,割れ目,開門位置の倍付けの有無を設定します,なし,あり,大割れ目,,,,,,,,,,,,,,
67,15,0,,,,,,,導火線,ツモ牌位置の倍付けの有無を設定します,なし,あり,,,,,,,,,,,,,,,
68,15,0,,,,,,,ドラドラ卓,最初からドラを２枚めくるかを設定します,なし,あり,ゾロ目のみ,,,,,,,,,,,,,,
69,15,0,,,,,,,永田町ルール,サイコロで決まるドラと七索の常設ドラを設定します,なし,あり,,,,,,,,,,,,,,,
70,15,0,,,,,,,青天井計算,点数計算に満貫などの際限を設けず計算するかを設定します,なし,あり(役満は基本2.5M),あり(役満は１３飜),,,,,,,,,,,,,,
80,15,0,,,,,,,喰い断,門前でない断幺九を許容するかを設定します,あり,なし,あり(縛りを満たさない),,,,,,,,,,,,,,
81,15,0,,,,,,,自摸平和,平和と門前清自摸和の複合の有無を設定します,あり,なし,,,,,,,,,,,,,,,
82,7,8,,,,,,,字一色七対子,字牌だけの七対子を設定します,あり,なし,ダブル役満,,,,,,,,,,,,,,
83,7,0,,,,,,,発無し緑一色,発を使わなくても緑一色となるかを設定します,あり,なし,ダブル役満,,,,,,,,,,,,,,
83,8,0,,,,,,,緑一色,緑一色の飜数を設定します,役満,>>>,ダブル役満,,,,,,,,,,,,,,
84,15,0,,,,,,,立直一発,立直一発の有無を設定します,あり,なし,あり(縛りを満たさない),チップのみ,,,,,,,,,,,,,
85,15,0,,,,,,,七対子,七対子の飜数を設定します,２飜２５符,１飜５０符,,,,,,,,,,,,,,,
86,15,0,,,,,,,三色同刻,三色同刻の飜数を設定します,２飜,３飜,,,,,,,,,,,,,,,
87,15,0,,,,,,,三槓子,三槓子の飜数を設定します,２飜,３飜,役満,,,,,,,,,,,,,,
88,15,0,,,,,,,二盃口,二盃口の飜数を設定します,３飜,２飜,,,,,,,,,,,,,,,
89,7,8,,,,,,,混老頭,混老頭の飜数を設定します,２飜,３飜,,,,,,,,,,,,,,,
90,15,0,,,,,,,清一色,清一色の飜数を設定します,６飜,４飜,,,,,,,,,,,,,,,
91,15,0,,,,,,,四槓子,四槓子の飜数と包の有無を設定します,役満,ダブル役満,役満(包あり),ダブル役満(包あり),,,,,,,,,,,,,
92,15,0,,,,,,,天和,天和の飜数を設定します,役満,ダブル役満,,,,,,,,,,,,,,,
93,15,0,,,,,,,喰い平,鳴いた平和形の符を設定します,３０符,２０符,１飜30符(縛りを満たさない),１飜20符(縛りを満たさない),１飜３０符,１飜２０符,,,,,,,,,,,
94,15,0,,,,,,,オープン立直,オープン立直の有無を設定します,なし,あり,,,,,,,,,,,,,,,
95,15,0,,,,,,,大車輪,大車輪の有無と価値を設定します(2〜8の純正のみ),なし,役満,ダブル役満,,,,,,,,,,,,,,
96,15,0,,,,,,,三連刻,三連刻の有無と価値を設定します,なし,２飜,３飜,,,,,,,,,,,,,,
97,15,0,,,,,,,四連刻,四連刻の有無と価値を設定します,なし,役満,８飜(対々和込み),,,,,,,,,,,,,,
98,15,0,,,,,,,一色三順,一色三順の有無と価値を設定します,なし,２飜(門前のみ),２飜(喰い下がり有),３飜(門前のみ),３飜(喰い下がり有),,,,,,,,,,,,
99,15,0,,,,,,,一色四順,一色四順の有無と価値を設定します,なし,役満,,,,,,,,,,,,,,,
100,15,0,,,,,,,人和,人和の有無と価値を設定します,なし,役満,倍満,満貫,,,,,,,,,,,,,
101,7,8,,,,,,,十三不塔,十三不塔の有無と価値を設定します,なし,役満,満貫,,,,,,,,,,,,,,
102,15,0,,,,,,,八連荘,八連荘の有無と価値を設定します,なし,役満,,,,,,,,,,,,,,,
103,15,0,,,,,,,流し満貫,流し満貫の有無と価値を設定します,満貫,跳満,倍満,役満,なし,,,,,,,,,,,,
120,15,0,,,,,,,清盃口,清盃口の有無と価値を設定します(同じ数字で二盃口),なし,６飜,５飜,４飜,,,,,,,,,,,,,
121,15,0,,,,,,,鳴き二盃口,鳴き二盃口の有無と価値を設定します,なし,２飜,,,,,,,,,,,,,,,
122,15,0,,,,,,,大鏡,大鏡の有無と価値を設定します(一筒雀頭の二盃口：付加役),なし,１飜,,,,,,,,,,,,,,,
123,15,0,,,,,,,清海湖,清海湖の有無と価値を設定します(清一色・純全帯幺九・二盃口の複合),なし,役満,,,,,,,,,,,,,,,
124,15,0,,,,,,,鏡同和,鏡同和の有無と価値を設定します(２色それぞれで同じ数字の順子２組),なし,２飜(門前のみ),２飜(喰い下がり有),,,,,,,,,,,,,,
125,15,0,,,,,,,鼓腹撃壌,鼓腹撃壌の有無と価値を設定します(平和を一筒で和了),なし,２飜,,,,,,,,,,,,,,,
126,15,0,,,,,,,三歩高,三歩高の有無と価値を設定します(同色で構成する数字が一つずつ異なる３つの順子),なし,１飜,１飜(門前のみ),２飜(喰い下がり有),,,,,,,,,,,,,
127,15,0,,,,,,,四歩高,四歩高の有無と価値を設定します(同色で構成する数字が一つずつ異なる４つの順子),なし,役満,ダブル役満,,,,,,,,,,,,,,
128,15,0,,,,,,,清連環套,清連環套の有無と価値を設定します(同色で構成する数字が二つずつ異なる３つの順子),なし,１飜,１飜(門前のみ),２飜(喰い下がり有),,,,,,,,,,,,,
129,15,0,,,,,,,金門橋,金門橋の有無と価値を設定します(同色で123345567789の形),なし,役満,,,,,,,,,,,,,,,
130,15,0,,,,,,,二色三歩高,二色三歩高の有無と価値を設定します(二色で構成する数字が一つずつ異なる３つの順子),なし,１飜(門前のみ),,,,,,,,,,,,,,,
131,15,0,,,,,,,二色四歩高,二色四歩高の有無と価値を設定します(二色で構成する数字が一つずつ異なる４の順子),なし,３飜(喰い下がり有),,,,,,,,,,,,,,,
132,15,0,,,,,,,雑連環套,雑連環套の有無と価値を設定します(二色で構成する数字が二つずつ異なる３つの順子),なし,２飜(喰い下がり有),,,,,,,,,,,,,,,
133,15,0,,,,,,,大雑連套,大雑連套の有無と価値を設定します(二色で構成する数字が二つずつ異なる４つの順子),なし,６飜(喰い下がり有),役満,,,,,,,,,,,,,,
134,9,6,,,,,,,三色三歩高,三色三歩高の有無と価値を設定します(三色で構成する数字が一つずつ異なる３つの順子),なし,１飜,１飜(門前のみ),２飜(喰い下がり有),,,,,,,,,,,,,
135,15,0,,,,,,,三色四歩高,三色四歩高の有無と価値を設定します(三色で構成する数字が一つずつ異なる４つの順子),なし,３飜(喰い下がり有),,,,,,,,,,,,,,,
136,9,6,,,,,,,混連環套,混連環套の有無と価値を設定します(同色で構成する数字が二つずつ異なる３つの順子),なし,１飜,１飜(門前のみ),２飜(喰い下がり有),,,,,,,,,,,,,
137,9,6,,,,,,,大混連套,大混連套の有無と価値を設定します(三色で構成する数字が二つずつ異なる４つの順子),なし,６飜(喰い下がり有),役満,,,,,,,,,,,,,,
138,9,6,,,,,,,双龍争珠(連六),双龍争珠の有無と価値を設定します(萬子と索子で6つ続きで同じ数字の順子、筒子の雀頭),なし,役満,,,,,,,,,,,,,,,
139,9,6,,,,,,,双龍争珠(老少副),双龍争珠の有無と価値を設定します(萬子と索子で123789の形、五筒の雀頭),なし,役満,,,,,,,,,,,,,,,
140,9,6,,,,,,,双龍双亀,双龍双亀の有無と価値を設定します(萬子と筒子で123789の形、三索の雀頭),なし,４飜,,,,,,,,,,,,,,,
141,9,6,,,,,,,三色双龍会,三色双龍会の有無と価値を設定します(二色で123789の形、残りの一色の５の雀頭),なし,２飜(喰い下がり有),６飜(喰い下がり有),６飜,役満,,,,,,,,,,,,
142,15,0,,,,,,,一色双龍会,一色双龍会の有無と価値を設定します(一色で11223355778899の形),なし,役満,役満(門前のみ),,,,,,,,,,,,,,
143,9,6,,,,,,,双龍戯鳳,双龍戯鳳の有無と価値を設定します(萬子と筒子で123789の形、一索の雀頭),なし,４飜,,,,,,,,,,,,,,,
144,9,6,,,,,,,双龍包柱,双龍包柱の有無と価値を設定します(萬子と筒子で123789の形、二索・四索・六索のどれかの雀頭),なし,４飜,,,,,,,,,,,,,,,
145,9,6,,,,,,,双龍戯亀,双龍戯亀の有無と価値を設定します(萬子と筒子で123789の形、七索の雀頭),なし,４飜,,,,,,,,,,,,,,,
146,15,0,,,,,,,双龍闘蛇,双龍闘蛇の有無と価値を設定します(筒子と索子で123789の形、一萬の雀頭),なし,４飜,,,,,,,,,,,,,,,
147,15,0,,,,,,,五心通貫,五心通貫の有無と価値を設定します(５の嵌張待ちで一気通貫：付加役),なし,１飜,,,,,,,,,,,,,,,
148,7,0,,,,,,,一気通貫全帯幺九,一気通貫全帯幺九の有無と価値を設定します(一気通貫以外の１面子と雀頭がチャンタor純チャンになっている),なし,混3飜、純4飜(喰下有),,,,,,,,,,,,,,,
148,8,0,,,,,,,一気通貫全帯幺九,一気通貫全帯幺九の有無と価値を設定します(一気通貫以外の１面子と雀頭がチャンタor純チャンになっている),なし,４飜(喰い下がり有),,,,,,,,,,,,,,,
149,7,8,,,,,,,東北新幹線,東北新幹線の有無と価値を設定します(東と北と一気通貫),なし,役満,役満(門前のみ),,,,,,,,,,,,,,
150,7,8,,,,,,,上越新幹線あさひ,上越新幹線あさひの有無と価値を設定します(白と北のある一気通貫),なし,役満,,,,,,,,,,,,,,,
151,7,8,,,,,,,上越新幹線とき,上越新幹線ときの有無と価値を設定します(北のある混一色一気通貫:付加役),なし,２飜,,,,,,,,,,,,,,,
152,7,8,,,,,,,北海道新幹線,北海道新幹線の有無と価値を設定します(白を暗槓、北を雀頭にした一気通貫),なし,役満,,,,,,,,,,,,,,,
153,7,8,,,,,,,秋田新幹線,秋田新幹線の有無と価値を設定します(北の刻子がある5待ちの混一色一気通貫),なし,役満,,,,,,,,,,,,,,,
154,15,0,,,,,,,凱旋門,凱旋門の有無と価値を設定します(清一色で六連二組と７の雀頭),なし,役満,ダブル役満,,,,,,,,,,,,,,
155,15,0,,,,,,,長城,長城の有無と価値を設定します(清一色で一気通貫と１順子と２か５か８の雀頭),なし,役満,,,,,,,,,,,,,,,
156,15,0,,,,,,,青龍在天,青龍在天の有無と価値を設定します(門前で清一色・一気通貫・一盃口の複合),なし,役満(門前のみ),,,,,,,,,,,,,,,
157,7,8,,,,,,,龍戯珠,龍戯珠の有無と価値を設定します(一気通貫、西の刻子、一筒の雀頭：付加役),なし,２飜,,,,,,,,,,,,,,,
158,7,8,,,,,,,金龍戯北斗,金龍戯北斗の有無と価値を設定します(一気通貫と七筒の刻子と北の雀頭：付加役),なし,２飜,,,,,,,,,,,,,,,
159,15,0,,,,,,,ルート２４６,ルート２４６の有無と価値を設定します(２、４、６のいずれかの待ちで一気通貫),なし,３飜,,,,,,,,,,,,,,,
160,1,14,,,,,,,九龍城落地,九龍城落地の有無と価値を設定します(一気通貫の3順子を全てチー、付加役),なし,２飜,,,,,,,,,,,,,,,
161,7,8,,,,,,,ゴールドラッシュ,ゴールドラッシュの有無と価値を設定します(発がある筒子の混一色一気通貫),なし,２飜,２飜(西も必要),役満,役満(西も必要),,,,,,,,,,,,
162,1,14,,,,,,,双峰挿雲,双峰挿雲の有無と価値を設定します(萬子の一気通貫、東と八索で刻子と雀頭：付加役),なし,２飜(喰い下がり有),,,,,,,,,,,,,,,
163,7,8,,,,,,,南屏晩鍾,南屏晩鍾の有無と価値を設定します(筒子の一気通貫、南と中で刻子と雀頭：付加役),なし,２飜(喰い下がり有),,,,,,,,,,,,,,,
164,7,8,,,,,,,雷峰夕照,雷峰夕照の有無と価値を設定します(索子の一気通貫、西と八筒で刻子と雀頭：付加役),なし,２飜(喰い下がり有),,,,,,,,,,,,,,,
165,1,14,,,,,,,柳浪聞鶯,柳浪聞鶯の有無と価値を設定します(筒子の一気通貫、北と八萬で刻子と雀頭：付加役),なし,２飜(喰い下がり有),,,,,,,,,,,,,,,
166,1,14,,,,,,,断橋残雪,断橋残雪の有無と価値を設定します(萬子の一気通貫、白と二索で刻子と雀頭：付加役),なし,２飜(喰い下がり有),,,,,,,,,,,,,,,
167,1,14,,,,,,,蘇堤春暁,蘇堤春暁の有無と価値を設定します(筒子の一気通貫、発と二萬で刻子と雀頭：付加役),なし,２飜(喰い下がり有),,,,,,,,,,,,,,,
168,7,8,,,,,,,花港観魚,花港観魚の有無と価値を設定します(索子の一気通貫、中と二筒で刻子と雀頭：付加役),なし,２飜(喰い下がり有),,,,,,,,,,,,,,,
169,1,14,,,,,,,三譚印月,三譚印月の有無と価値を設定します(萬子の一気通貫、白と一萬で刻子と雀頭：付加役),なし,２飜(喰い下がり有),,,,,,,,,,,,,,,
170,7,8,,,,,,,曲院風荷,曲院風荷の有無と価値を設定します(筒子の一気通貫、発と一筒で刻子と雀頭：付加役),なし,２飜(喰い下がり有),,,,,,,,,,,,,,,
171,7,8,,,,,,,平湖秋月,平湖秋月の有無と価値を設定します(索子の一気通貫、中と一索で刻子と雀頭：付加役),なし,２飜(喰い下がり有),,,,,,,,,,,,,,,
172,9,6,,,,,,,三色通貫,三色通貫の有無と価値を設定します(123、456、789を三色で作る),なし,２飜(喰い下がり有),,,,,,,,,,,,,,,
173,9,6,,,,,,,単龍,単竜の有無と価値を設定します(白発以外の門前単騎待ちで三色通貫),なし,６飜,,,,,,,,,,,,,,,
174,1,6,,,,,,,三色通貫全帯幺九,三色通貫全帯幺九の有無と価値を設定します(三色通貫以外の１面子と雀頭がチャンタor純チャンになっている),なし,混3飜、純4飜(喰下有),,,,,,,,,,,,,,,
174,8,6,,,,,,,三色通貫全帯幺九,三色通貫全帯幺九の有無と価値を設定します(三色通貫以外の１面子と雀頭がチャンタor純チャンになっている),なし,４飜(喰い下がり有り),,,,,,,,,,,,,,,
175,1,14,,,,,,,吃三嵌,吃三嵌の有無と価値を設定します(嵌塔子を３つチー),なし,１飜,,,,,,,,,,,,,,,
176,1,14,,,,,,,吃三辺,吃三辺の有無と価値を設定します(辺塔子を３つチー),なし,１飜,,,,,,,,,,,,,,,
177,1,14,,,,,,,吃小順,吃小順の有無と価値を設定します(両面塔子を数字の小さい方で３つチー),なし,１飜,,,,,,,,,,,,,,,
178,1,14,,,,,,,吃大順,吃大順の有無と価値を設定します(両面塔子を数字の大きい方で３つチー),なし,１飜,,,,,,,,,,,,,,,
179,1,14,,,,,,,吃四嵌,吃四嵌の有無と価値を設定します(嵌塔子を４つチー),なし,２飜,,,,,,,,,,,,,,,
180,1,14,,,,,,,吃四辺,吃四辺の有無と価値を設定します(辺塔子を４つチー),なし,２飜,,,,,,,,,,,,,,,
181,1,14,,,,,,,吃小四順,吃小四順の有無と価値を設定します(両面塔子を数字の小さい方で４つチー),なし,２飜,,,,,,,,,,,,,,,
182,1,14,,,,,,,吃大四順,吃大四順の有無と価値を設定します(両面塔子を数字の大きい方で４つチー),なし,２飜,,,,,,,,,,,,,,,
200,7,8,,,,,,,開門風,開門風の有無と価値を設定します(開門位置の風牌が役牌扱い),なし,１飜,,,,,,,,,,,,,,,
201,5,10,,,,,,,裏風,裏風の有無と価値を設定します(対面の風牌が役牌扱い),なし,１飜,,,,,,,,,,,,,,,
202,15,0,,,,,,,新沼けんじ,新沼けんじの有無と価値を設定します(一索の刻子),なし,１飜,,,,,,,,,,,,,,,
203,15,0,,,,,,,陣太鼓,陣太鼓の有無と価値を設定します(一筒の刻子),なし,１飜,,,,,,,,,,,,,,,
204,7,8,,,,,,,客風三刻,客風三刻の有無と価値を設定します(客風牌のみで三面子),なし,３飜,,,,,,,,,,,,,,,
205,7,8,,,,,,,三風刻,三風刻の有無と価値を設定します(風牌で3刻子、雀頭は風牌以外),なし,２飜,,,,,,,,,,,,,,,
206,7,8,,,,,,,客風小三風,客風小三風の有無と価値を設定します(客風牌だけで小三風),なし,２飜,,,,,,,,,,,,,,,
207,7,8,,,,,,,小三風,小三風の有無と価値を設定します(風牌で2つの刻子と1つの雀頭),なし,１飜,,,,,,,,,,,,,,,
208,7,8,,,,,,,四字刻,四字刻の有無と価値を設定します(字牌で4面子、数牌で雀頭),なし,役満,,,,,,,,,,,,,,,
209,7,8,,,,,,,天虎,天虎の有無と価値を設定します(発の刻子がある小四喜),なし,トリプル役満,,,,,,,,,,,,,,,
210,7,8,,,,,,,大怪湖,大怪湖の有無と価値を設定します(白の刻子がある小四喜),なし,トリプル役満,,,,,,,,,,,,,,,
211,7,8,,,,,,,千年虫,千年虫の有無と価値を設定します(九萬の刻子がある南雀頭の小四喜),なし,ダブル役満,,,,,,,,,,,,,,,
212,7,8,,,,,,,弾葯,弾葯の有無と価値を設定します(九萬雀頭の大四喜),なし,トリプル役満,,,,,,,,,,,,,,,
213,7,8,,,,,,,仙人掌,仙人掌の有無と価値を設定します(中雀頭の大四喜),なし,４倍役満,,,,,,,,,,,,,,,
214,7,8,,,,,,,阿拉,阿拉の有無と価値を設定します(九萬、南、發、中の刻子、白の雀頭),なし,役満,,,,,,,,,,,,,,,
215,7,8,,,,,,,快馬加鞭,快馬加鞭の有無と価値を設定します(西の刻子、北の雀頭がある字一色大三元),なし,トリプル役満,,,,,,,,,,,,,,,
216,7,8,,,,,,,酔江月,酔江月の有無と価値を設定します(東の刻子、北の雀頭がある字一色大三元),なし,トリプル役満,,,,,,,,,,,,,,,
217,15,0,,,,,,,二同刻,二同刻の有無と価値を設定します(２色それぞれで同じ数字の刻子２組：対々和が複合),なし,２飜,,,,,,,,,,,,,,,
218,15,0,,,,,,,三色小同刻,三色小同刻の有無と価値を設定します(三色で同じ数の数牌のうち2つを刻子、残りを雀頭にする),なし,１飜,,,,,,,,,,,,,,,
219,7,8,,,,,,,四色同刻,四色同刻の有無と価値を設定します(白の刻子がある三色同刻),なし,役満,,,,,,,,,,,,,,,
220,15,0,,,,,,,奇数対々和,奇数対々和の有無と価値を設定します,なし,４飜,,,,,,,,,,,,,,,
221,15,0,,,,,,,偶数対々和,偶数対々和の有無と価値を設定します,なし,５飜,,,,,,,,,,,,,,,
222,7,8,,,,,,,東發つきもの,東發つきものの有無と価値を設定します(東と発の刻子:付加役),なし,１飜,,,,,,,,,,,,,,,
223,7,8,,,,,,,南白つきもの,南白つきものの有無と価値を設定します(南と白の刻子:付加役),なし,１飜,,,,,,,,,,,,,,,
224,7,8,,,,,,,中西君,中西君の有無と価値を設定します(中、西の刻子),なし,１飜,３飜,,,,,,,,,,,,,,
225,15,0,,,,,,,頂三刻,頂三刻の有無と価値を設定します(同色で１と５と９の刻子),なし,２飜,,,,,,,,,,,,,,,
226,15,0,,,,,,,筋牌刻,筋牌刻の有無と価値を設定します(同色で同じ筋の３刻子),なし,２飜,,,,,,,,,,,,,,,
227,15,0,,,,,,,跳牌刻,跳牌刻の有無と価値を設定します(同色で一つ飛びの３刻子),なし,２飜,,,,,,,,,,,,,,,
228,15,0,,,,,,,四跳牌刻,四跳牌刻の有無と価値を設定します(同色で一つ飛びの４刻子),なし,役満,,,,,,,,,,,,,,,
229,15,0,,,,,,,二色三連刻,二色三連刻の有無と価値を設定します(二色で数字の連続した３刻子),なし,１飜,,,,,,,,,,,,,,,
230,15,0,,,,,,,二色跳牌刻,二色跳牌刻の有無と価値を設定します(二色で一つ飛びの３刻子),なし,２飜,,,,,,,,,,,,,,,
231,15,0,,,,,,,二色筋牌刻,二色筋牌刻の有無と価値を設定します(二色で同じ筋の３刻子),なし,２飜,,,,,,,,,,,,,,,
232,15,0,,,,,,,二色頂三刻,二色頂三刻の有無と価値を設定します(二色で１と５と９の刻子),なし,２飜,,,,,,,,,,,,,,,
233,15,0,,,,,,,二色四連刻,二色四連刻の有無と価値を設定します(二色で数字の連続したの４刻子),なし,３飜,,,,,,,,,,,,,,,
234,15,0,,,,,,,二色四跳牌刻,二色四跳牌刻の有無と価値を設定します(二色で一つ飛びの４刻子),なし,３飜,,,,,,,,,,,,,,,
235,15,0,,,,,,,三色連刻,三色連刻の有無と価値を設定します(三色で連番になっている３つの刻子),なし,２飜,,,,,,,,,,,,,,,
236,15,0,,,,,,,三色跳牌刻,三色跳牌刻の有無と価値を設定します(三色で一つ飛びの３刻子),なし,２飜,,,,,,,,,,,,,,,
237,15,0,,,,,,,三色筋牌刻,三色筋牌刻の有無と価値を設定します(三色で同じ筋の３刻子),なし,２飜,,,,,,,,,,,,,,,
238,15,0,,,,,,,三色頂三刻,三色頂三刻の有無と価値を設定します(三色で１と５と９の刻子),なし,２飜,,,,,,,,,,,,,,,
239,15,0,,,,,,,三色四連刻,三色四連刻の有無と価値を設定します(三色で数字の連続したの４刻子),なし,３飜,,,,,,,,,,,,,,,
240,15,0,,,,,,,三色四跳牌刻,三色四跳牌刻の有無と価値を設定します(三色で一つ飛びの４刻子),なし,３飜,,,,,,,,,,,,,,,
241,15,0,,,,,,,金梯,金梯の有無と価値を設定します(四連刻とそれに隣接する数字の雀頭),なし,ダブル役満,,,,,,,,,,,,,,,
242,15,0,,,,,,,銀梯,銀梯の有無と価値を設定します(二色で数字の連続したの４刻子とそれに隣接する数字の雀頭),なし,４飜,,,,,,,,,,,,,,,
243,15,0,,,,,,,雲梯,雲梯の有無と価値を設定します(三色で数字の連続したの４刻子とそれに隣接する数字の雀頭),なし,４飜,,,,,,,,,,,,,,,
244,7,8,,,,,,,金鶏報暁,金鶏報暁の有無と価値を設定します(一索、東、中の刻子),なし,３飜,,,,,,,,,,,,,,,
245,1,14,,,,,,,銀鶏報春,銀鶏報春の有無と価値を設定します(一索、東、白の刻子と花牌の春),なし,５飜,,,,,,,,,,,,,,,
246,7,8,,,,,,,紅鶏報暁,紅鶏報暁の有無と価値を設定します(一索、東、中、白の刻子と一筒の雀頭),なし,役満,,,,,,,,,,,,,,,
247,15,0,,,,,,,茴香ポン(対々),茴香ポンの有無と価値を設定します(三色同刻と隣接する数字の刻子),なし,６飜,５飜,,,,,,,,,,,,,,
248,15,0,,,,,,,茴香ポン(非対々),茴香ポンの有無と価値を設定します(三色同刻と隣接する数字の順子、その順子に隣接する雀頭),なし,４飜,３飜,,,,,,,,,,,,,,
249,1,14,,,,,,,八仙乗風過海,八仙乗風過海の有無と価値を設定します(８の三色同刻と白の刻子、東か南の雀頭),なし,役満,,,,,,,,,,,,,,,
250,1,14,,,,,,,八仙戯鳳,八仙戯鳳の有無と価値を設定します(８の三色同刻と西の刻子、一索の雀頭),なし,役満,,,,,,,,,,,,,,,
251,1,14,,,,,,,八仙戯四鳳,八仙戯四鳳の有無と価値を設定します(８の三色同刻と一索の槓子、西の雀頭),なし,役満,,,,,,,,,,,,,,,
252,1,14,,,,,,,八仙戯金亀,八仙戯金亀の有無と価値を設定します(８の三色同刻と西の刻子、七索の雀頭),なし,役満,,,,,,,,,,,,,,,
253,9,6,,,,,,,八仙闘北斗,八仙闘北斗の有無と価値を設定します(８の三色同刻と七筒の刻子),なし,役満,,,,,,,,,,,,,,,
254,1,14,,,,,,,八仙聚首,八仙聚首の有無と価値を設定します(８の三色同刻と花牌８枚),なし,役満,,,,,,,,,,,,,,,
255,7,8,,,,,,,雪月花,雪月花の有無と価値を設定します(白、一筒、五筒の刻子),なし,２飜,３飜,,,,,,,,,,,,,,
256,7,8,,,,,,,風花雪月,風花雪月の有無と価値を設定します(翻牌の風牌、五筒、白、一筒の刻子),なし,役満,,,,,,,,,,,,,,,
257,7,8,,,,,,,花鳥風月,花鳥風月の有無と価値を設定します(五筒、一索、翻牌の風牌、一筒の刻子),なし,役満,,,,,,,,,,,,,,,
258,7,8,,,,,,,東北自動車道,東北自動車道の有無と価値を設定します(東、北、二筒、四筒、六筒),なし,役満,,,,,,,,,,,,,,,
259,7,8,,,,,,,東関東自動車道,東関東自動車道の有無と価値を設定します(二筒、四筒、六筒、東、西で対々和),なし,役満,,,,,,,,,,,,,,,
260,7,8,,,,,,,西中島南方,西中島南方の有無と価値を設定します(南場の西家か西場の南家で西、中、南の刻子),なし,役満,,,,,,,,,,,,,,,
261,7,8,,,,,,,中原逐鹿,中原逐鹿の有無と価値を設定します(中、発、七筒、六筒の刻子),なし,役満,,,,,,,,,,,,,,,
262,15,0,,,,,,,金亀孵蛋,金亀孵蛋の有無と価値を設定します(七索と一筒の刻子),なし,２飜,,,,,,,,,,,,,,,
263,7,8,,,,,,,旭日東昇,旭日東昇の有無と価値を設定します(一筒と東の刻子),なし,１飜,,,,,,,,,,,,,,,
264,7,8,,,,,,,日落西山,日落西山の有無と価値を設定します(一筒と西の刻子),なし,１飜,,,,,,,,,,,,,,,
265,7,8,,,,,,,揺望北斗,揺望北斗の有無と価値を設定します(二筒、七筒、北の刻子),なし,２飜,,,,,,,,,,,,,,,
266,1,14,,,,,,,北斗七星,北斗七星の有無と価値を設定します(７の三色同刻と北の刻子、白の雀頭),なし,役満,,,,,,,,,,,,,,,
267,7,8,,,,,,,西廂待月,西廂待月の有無と価値を設定します(西と白の刻子、一筒の単騎または双ポン待ち和了り),なし,２飜,,,,,,,,,,,,,,,
268,7,8,,,,,,,西湖十景,西湖十景の有無と価値を設定します(西の刻子と、足して10になる組み合わせの筒子の２刻子),なし,役満,,,,,,,,,,,,,,,
269,7,8,,,,,,,火山爆発(九の刻子),火山爆発の有無と価値を設定します(三索、中、発の刻子と９の刻子),なし,役満,,,,,,,,,,,,,,,
270,7,8,,,,,,,火山爆発(五索・七索),火山爆発の有無と価値を設定します(三索、五索、七索、中、発で対々和),なし,役満,,,,,,,,,,,,,,,
271,7,8,,,,,,,丹鳳朝陽,丹鳳朝陽の有無と価値を設定します(中、一筒、一索の刻子),なし,役満,,,,,,,,,,,,,,,
272,15,0,,,,,,,鵲橋会,鵲橋会の有無と価値を設定します(一索の刻子と７の刻子二つ),なし,２飜,,,,,,,,,,,,,,,
273,7,8,,,,,,,一竿風月,一竿風月の有無と価値を設定します(二索、風牌、一筒の刻子),なし,２飜,,,,,,,,,,,,,,,
274,7,8,,,,,,,三杯美酒敬梅花,三杯美酒敬梅花の有無と価値を設定します(中、五筒と９の刻子),なし,役満,,,,,,,,,,,,,,,
275,7,8,,,,,,,東風圧倒西風,東風圧倒西風の有無と価値を設定します(東の刻子と西の雀頭、または東の槓子と西の刻子),なし,東刻子2飜、槓子3飜,,,,,,,,,,,,,,,
276,15,0,,,,,,,太公釣金亀,太公釣金亀の有無と価値を設定します(二索の刻子があって三索単騎で和了る),なし,１飜,,,,,,,,,,,,,,,
277,7,8,,,,,,,宝紅開花,宝紅開花の有無と価値を設定します(白と中の刻子と1の三色小同刻),なし,役満,,,,,,,,,,,,,,,
278,7,8,,,,,,,紅白饅頭,紅白饅頭の有無と価値を設定します(白と中がある萬子の混一色:付加役),なし,１飜,２飜,,,,,,,,,,,,,,
279,7,8,,,,,,,白鳥,白鳥の有無と価値を設定します(白と一索の刻子がある対々和),なし,５飜,,,,,,,,,,,,,,,
280,15,0,,,,,,,白一色,白一色の有無と価値を設定します(８と９と白だけで和了る),なし,役満,,,,,,,,,,,,,,,
281,7,8,,,,,,,雪の銀閣,雪の銀閣の有無と価値を設定します(東、白、二筒、四筒、八筒で対々和),なし,役満,,,,,,,,,,,,,,,
282,7,8,,,,,,,北白川,北白川の有無と価値を設定します(北、白、六索を刻子にする),なし,役満,,,,,,,,,,,,,,,
283,7,8,,,,,,,お正月,お正月の有無と価値を設定します(１の三色同刻と東の刻子),なし,役満,,,,,,,,,,,,,,,
284,1,14,,,,,,,アル中,アル中の有無と価値を設定します(２の三色同刻と中の刻子),なし,役満,,,,,,,,,,,,,,,
285,7,8,,,,,,,救急車,救急車の有無と価値を設定します(９の三色同刻、白の刻子、中の雀頭),なし,役満,,,,,,,,,,,,,,,
286,7,8,,,,,,,盗難車,盗難車の有無と価値を設定します(東、南、西の刻子),なし,役満,,,,,,,,,,,,,,,
287,7,8,,,,,,,青春に悔いなし/あり,青春に悔いなしの有無と価値を設定します(門前で発と中の刻子。鳴くと「青春に悔いあり」と名を変える：役牌が複合),なし,門前１飜,門前２飜、副露１飜,,,,,,,,,,,,,,
288,9,6,,,,,,,スーパーマン,スーパーマンの有無と価値を設定します(四萬と八萬の刻子、または四萬と八萬の双ポン待ち),なし,１飜,,,,,,,,,,,,,,,
289,15,0,,,,,,,琳両数,琳両数の有無と価値を設定します(2種類の数字のみで和了),なし,６飜,,,,,,,,,,,,,,,
290,15,0,,,,,,,白花,白花の有無と価値を設定します(五筒と白の刻子：付加役),なし,１飜,,,,,,,,,,,,,,,
291,15,0,,,,,,,撃鼓愕曹,撃鼓愕曹の有無と価値を設定します(一筒、二索と白の刻子),なし,２飜,,,,,,,,,,,,,,,
292,7,8,,,,,,,都の西北,都の西北の有無と価値を設定します(3、8、5、西、北で対々和),なし,役満,,,,,,,,,,,,,,,
293,7,8,,,,,,,東京二十三区,東京二十三区の有無と価値を設定します(東、2、3、9の刻子、混一色ならダブル役満),なし,役満,,,,,,,,,,,,,,,
294,15,0,,,,,,,ムスカ大佐,ムスカ大佐の有無と価値を設定します(6、4、3の刻子がある嵌張待ち和了),なし,３飜,,,,,,,,,,,,,,,
295,7,8,,,,,,,初音ミク,初音ミクの有無と価値を設定します(発、3、9の刻子),なし,２飜,,,,,,,,,,,,,,,
296,7,8,,,,,,,鏡音リン,鏡音リンの有無と価値を設定します(白と筒子のみで対々和、付加役),なし,２飜,,,,,,,,,,,,,,,
297,7,8,,,,,,,鏡音レン,鏡音レンの有無と価値を設定します(白の刻子と三連刻、付加役),なし,２飜,,,,,,,,,,,,,,,
298,7,8,,,,,,,鏡音リンレン,鏡音リンレンの有無と価値を設定します(白の刻子と筒子の混一色三連刻),なし,役満,,,,,,,,,,,,,,,
299,9,6,,,,,,,ビックボーナス,ビックボーナスの有無と価値を設定します(７の三色同刻),なし,２飜,役満,,,,,,,,,,,,,,
300,15,0,,,,,,,クリスマス,クリスマスの有無と価値を設定します(ある色で1と2、別の色で2と5の刻子。雀頭が七索ならダブル役満、12月25日の和了はさらに+役満),なし,役満,,,,,,,,,,,,,,,
301,15,0,,,,,,,一富士二鷹三茄子,一富士二鷹三茄子の有無と価値を設定します(三索、一索、八筒の順に鳴く、1月1日か2日の和了はダブル役満),なし,役満,,,,,,,,,,,,,,,
302,15,0,,,,,,,武蔵丸,武蔵丸の有無と価値を設定します(一筒の刻子と任意の色の6、3、4の刻子、清一色ならダブル役満),なし,役満,,,,,,,,,,,,,,,
303,15,0,,,,,,,阪神,阪神の有無と価値を設定します(8と4の刻子),なし,１飜,,,,,,,,,,,,,,,
304,7,8,,,,,,,神戸,神戸の有無と価値を設定します(5と北の刻子),なし,１飜,,,,,,,,,,,,,,,
305,15,0,,,,,,,サッポロ一番,サッポロ一番の有無と価値を設定します(3、8、6の刻子があって東一局の最初の和了),なし,役満,,,,,,,,,,,,,,,
306,7,8,,,,,,,ポカリスエット,ポカリスエットの有無と価値を設定します(248筒のどれかと発の刻子),なし,１飜,,,,,,,,,,,,,,,
307,7,8,,,,,,,アクエリアス,アクエリアスの有無と価値を設定します(1359筒のどれかと発の刻子),なし,１飜,,,,,,,,,,,,,,,
308,9,6,,,,,,,ＳＭＡＰ,ＳＭＡＰの有無と価値を設定します(四萬をポン),なし,１飜,,,,,,,,,,,,,,,
309,7,8,,,,,,,モンスターハンター,モンスターハンターの有無と価値を設定します(風牌の刻子がある6巡以内の和了),なし,役満,,,,,,,,,,,,,,,
310,7,8,,,,,,,旭川ラーメン,旭川ラーメンの有無と価値を設定します(1筒・3索・9索・北の刻子),なし,役満,,,,,,,,,,,,,,,
311,7,8,,,,,,,西郷南州,西郷南州の有無と価値を設定します(西と南を刻子にした混一色対々和:付加役),なし,２飜,,,,,,,,,,,,,,,
312,7,8,,,,,,,西南戦争,西南戦争の有無と価値を設定します(西、南、三索の刻子),なし,２飜,,,,,,,,,,,,,,,
313,7,8,,,,,,,純正西南戦争,純正西南戦争の有無と価値を設定します(西、南の刻子、9の三色小同刻),なし,役満,,,,,,,,,,,,,,,
314,7,8,,,,,,,九州新幹線,九州新幹線の有無と価値を設定します(９の三色同刻がある五門斉:五門斉複合可),なし,役満,,,,,,,,,,,,,,,
315,15,0,,,,,,,Windows95,Windows95の有無と価値を設定します(9の三色同刻、5の刻子と雀頭),なし,役満,,,,,,,,,,,,,,,
316,15,0,,,,,,,Windows98,Windows98の有無と価値を設定します(9の三色同刻、8の刻子と雀頭),なし,役満,,,,,,,,,,,,,,,
317,15,0,,,,,,,Windows3.1,Windows3.1の有無と価値を設定します(3と1だけで和了),なし,役満,,,,,,,,,,,,,,,
318,15,0,,,,,,,Windows7,Windows7の有無と価値を設定します(7の刻子があって別色の7で和了),なし,１飜,,,,,,,,,,,,,,,
319,15,0,,,,,,,東方妖々夢,東方妖々夢の有無と価値を設定します(１の三色同刻),なし,役満,,,,,,,,,,,,,,,
320,1,14,,,,,,,東方紅楼夢,東方紅楼夢の有無と価値を設定します(中と六萬の刻子があって東で和了),なし,１飜,,,,,,,,,,,,,,,
321,7,8,,,,,,,東方風神録,東方風神録の有無と価値を設定します(風牌、7、6の刻子があり東で和了),なし,役満,,,,,,,,,,,,,,,
322,1,14,,,,,,,博麗霊夢,博麗霊夢の有無と価値を設定します(八萬、九萬、白、東、一筒で対々和),なし,役満,,,,,,,,,,,,,,,
323,1,14,,,,,,,霧雨魔理沙,霧雨魔理沙の有無と価値を設定します(北、南、八筒、白、三萬で対々和),なし,役満,,,,,,,,,,,,,,,
324,1,14,,,,,,,アリス・マーガトロイド,アリス・マーガトロイドの有無と価値を設定します(東、三元牌、7の三色同刻でツモ和了り対々和、明刻子が2つ以上あること),なし,倍満,,,,,,,,,,,,,,,
325,7,8,,,,,,,十六夜咲夜,十六夜咲夜の有無と価値を設定します(西、三索、九索、八索の刻子、中雀頭の双ポン待ち和了),なし,役満,,,,,,,,,,,,,,,
326,7,8,,,,,,,中目黒,中目黒の有無と価値を設定します(中・二四八筒・風牌の対々和),なし,役満,,,,,,,,,,,,,,,
360,15,0,,,,,,,二暗槓,二暗槓の有無と価値を設定します,なし,１飜,,,,,,,,,,,,,,,
361,15,0,,,,,,,三暗槓,三暗槓の有無と価値を設定します,なし,役満,,,,,,,,,,,,,,,
362,15,0,,,,,,,三色同槓,三色同槓の有無と価値を設定します(三色同刻を全て槓子にする),なし,５飜(喰い下がり有り),役満,,,,,,,,,,,,,,
363,7,8,,,,,,,超三元,超三元の有無と価値を設定します(大三元を全て槓子にする),なし,ダブル役満,,,,,,,,,,,,,,,
364,7,8,,,,,,,超四喜,超四喜の有無と価値を設定します(大四喜を全て槓子にする),なし,トリプル役満,,,,,,,,,,,,,,,
365,15,0,,,,,,,戦車,戦車の有無と価値を設定します(七索の槓子),なし,１飜,,,,,,,,,,,,,,,
366,15,0,,,,,,,真田六文銭,真田六文銭の有無と価値を設定します(六筒の槓子),なし,１飜,,,,,,,,,,,,,,,
367,15,0,,,,,,,三矢の誓い,三矢の誓いの有無と価値を設定します(三索の槓子),なし,１飜,,,,,,,,,,,,,,,
368,15,0,,,,,,,大峡谷,大峡谷の有無と価値を設定します(９の槓子３つ、８の刻子と雀頭),なし,役満,,,,,,,,,,,,,,,
369,7,8,,,,,,,雪化粧,雪化粧の有無と価値を設定します(一筒、九筒、白の槓子),なし,役満,,,,,,,,,,,,,,,
370,7,8,,,,,,,声東撃西,声東撃西の有無と価値を設定します(東と西の槓子),なし,６飜,,,,,,,,,,,,,,,
371,7,8,,,,,,,走南闖北,走南闖北の有無と価値を設定します(南と北の槓子),なし,６飜,,,,,,,,,,,,,,,
372,15,0,,,,,,,鬼は外,鬼は外の有無と価値を設定します(九筒の槓子、節分の日限定),なし,１飜,,,,,,,,,,,,,,,
373,15,0,,,,,,,草加,草加の有無と価値を設定します(索子の加槓),なし,１飜,,,,,,,,,,,,,,,
380,15,0,,,,,,,大竹林,大竹林の有無と価値を設定します(大車輪の索子版),なし,役満,,,,,,,,,,,,,,,
381,9,6,,,,,,,大数隣,大数隣の有無と価値を設定します(大車輪の萬子版),なし,役満,,,,,,,,,,,,,,,
382,15,0,,,,,,,小車輪,小車輪の有無と価値を設定します(筒子で1〜7か3〜9のどちらかが2枚ずつ),なし,役満,,,,,,,,,,,,,,,
383,15,0,,,,,,,小竹林,小竹林の有無と価値を設定します(小車輪の索子版),なし,役満,,,,,,,,,,,,,,,
384,9,6,,,,,,,小数隣,小数隣の有無と価値を設定します(小車輪の萬子版),なし,役満,,,,,,,,,,,,,,,
385,15,0,,,,,,,中車輪,中車輪の有無と価値を設定します(筒子の連なった七対子に空きが一つある形),なし,役満(門前のみ),,,,,,,,,,,,,,,
386,15,0,,,,,,,中竹林,中竹林の有無と価値を設定します(索子の連なった七対子に空きが一つある形),なし,役満(門前のみ),,,,,,,,,,,,,,,
387,9,6,,,,,,,中数隣,中数隣の有無と価値を設定します(萬子の連なった七対子に空きが一つある形),なし,役満(門前のみ),,,,,,,,,,,,,,,
388,7,8,,,,,,,逆車輪,逆車輪の有無と価値を設定します(一筒、九筒のある混老頭七対子:付加役),なし,４飜,,,,,,,,,,,,,,,
389,7,8,,,,,,,逆竹林,逆竹林の有無と価値を設定します(一索、九索のある混老頭七対子:付加役),なし,４飜,,,,,,,,,,,,,,,
390,7,8,,,,,,,逆数隣,逆数隣の有無と価値を設定します(一萬、九萬のある混老頭七対子:付加役),なし,４飜,,,,,,,,,,,,,,,
391,7,8,,,,,,,三元七対子,三元七対子の有無と価値を設定します(白發中がある七対子：付加役),なし,１飜,,,,,,,,,,,,,,,
392,7,8,,,,,,,四喜七対子,四喜七対子の有無と価値を設定します(東南西北がある七対子：付加役),なし,１飜,,,,,,,,,,,,,,,
393,15,0,,,,,,,奇数七対子,奇数七対子の有無と価値を設定します,なし,１飜(門前のみ),,,,,,,,,,,,,,,
394,15,0,,,,,,,偶数七対子,偶数七対子の有無と価値を設定します,なし,２飜(門前のみ),,,,,,,,,,,,,,,
395,15,0,,,,,,,三色同対,三色同対の有無と価値を設定します(同一数字の対子3種を含む七対子:付加役),なし,１飜,,,,,,,,,,,,,,,
396,7,8,,,,,,,紅白七対,紅白七対の有無と価値を設定します(白と中のある七対子：三元七対子も複合可能),なし,２飜,,,,,,,,,,,,,,,
397,7,8,,,,,,,北の大地,北の大地の有無と価値を設定します(索子の23468、北、白で七対子),なし,役満,,,,,,,,,,,,,,,
398,7,8,,,,,,,世界一,世界一の有無と価値を設定します(１の牌と風牌だけで七対子),なし,役満,,,,,,,,,,,,,,,
400,7,8,,,,,,,紅一点,紅一点の有無と価値を設定します(索子の２３４６８と中),なし,役満,,,,,,,,,,,,,,,
401,7,8,,,,,,,紅孔雀,紅孔雀の有無と価値を設定します(索子の１５７９と中),なし,役満,,,,,,,,,,,,,,,
402,15,0,,,,,,,緑一色輪,緑一色輪の有無と価値を設定します(五索が雀頭で残りは索子の２３４６８),なし,役満,,,,,,,,,,,,,,,
403,7,8,,,,,,,白有り緑一色,白有り緑一色の有無と価値を設定します(白があり、残りを23468索か発で作る：２飜役とする場合は清二色),なし,２飜,役満,,,,,,,,,,,,,,
404,15,0,,,,,,,大草原,大草原の有無と価値を設定します(1と8以外の索子でメンチン),なし,役満(門前のみ),,,,,,,,,,,,,,,
405,15,0,,,,,,,南大草原,南大草原の有無と価値を設定します(1と8以外の索子と南でメンホン),なし,役満(門前のみ),,,,,,,,,,,,,,,
406,7,8,,,,,,,黒一色,黒一色の有無と価値を設定します(筒子の２４８と風牌),なし,役満,,,,,,,,,,,,,,,
407,7,8,,,,,,,青洞門,青洞門の有無と価値を設定します(２４８筒と発と風牌),なし,役満,,,,,,,,,,,,,,,
408,7,0,,,,,,,断紅和,断紅和の有無と価値を設定します(248筒・23468索・風牌・白・発),なし,３飜,混断紅3飜、清断紅6飜,,,,,,,,,,,,,,
408,8,0,,,,,,,断紅和,断紅和の有無と価値を設定します(248筒・23468索・風牌・白・発),なし,３飜,６飜,,,,,,,,,,,,,,
409,15,0,,,,,,,花一色,花一色の有無と価値を設定します(図柄に赤色を含む牌のみでの和了、萬子染めは対象外),なし,１飜,,,,,,,,,,,,,,,
410,15,0,,,,,,,赤一色,赤一色の有無と価値を設定します(135679筒・1579索のみの和了),なし,２飜,,,,,,,,,,,,,,,
411,7,8,,,,,,,白一点,白一点の有無と価値を設定します(筒子の135679と白のみで和了る。白は必須),なし,５飜(喰い下がり有り),,,,,,,,,,,,,,,
412,7,8,,,,,,,桃一色,桃一色の有無と価値を設定します(赤五筒と中があり、ほかは135679筒のみで和了),なし,役満,,,,,,,,,,,,,,,
413,7,8,,,,,,,茶一色,茶一色の有無と価値を設定します(索子の緑牌と東西南北白発のみで和了),なし,２飜,,,,,,,,,,,,,,,
414,9,6,,,,,,,橙一色,橙一色の有無と価値を設定します(萬子の断幺清一色),なし,８飜(喰い下がり有り),,,,,,,,,,,,,,,
415,15,0,,,,,,,金一色,金一色の有無と価値を設定します(一萬と筒子のみで和了),なし,４飜,,,,,,,,,,,,,,,
416,15,0,,,,,,,星光燦爛,星光燦爛の有無と価値を設定します(七筒の刻子のある清一色：付加役),なし,１飜,,,,,,,,,,,,,,,
417,15,0,,,,,,,武太郎売焼餅,武太郎売焼餅の有無と価値を設定します(四面子全てに５があり、雀頭が一筒),なし,３飜(喰い下がり有),,,,,,,,,,,,,,,
418,15,0,,,,,,,四面楚歌,四面楚歌の有無と価値を設定します(同色で４面子、別の色の数牌で単騎待ち),なし,４飜,,,,,,,,,,,,,,,
419,9,6,,,,,,,翻満乃歩手地,翻満乃歩手地の有無と価値を設定します(発を含んだ筒子混一:付加役),なし,１飜,,,,,,,,,,,,,,,
420,15,0,,,,,,,素数役満,素数役満の有無と価値を設定します(２、３、５、７の牌のみで和了),なし,役満,,,,,,,,,,,,,,,
421,15,0,,,,,,,推不倒,推不倒の有無と価値を設定します(1234589筒・245689索・白だけで和了る),なし,１飜,４飜,役満,,,,,,,,,,,,,
422,7,8,,,,,,,五門斉,五門斉の有無と価値を設定します(萬子、筒子、索子、風牌、三元牌を全て使う),なし,２飜,,,,,,,,,,,,,,,
423,7,0,,,,,,,絶一門,絶一門の有無と価値を設定します(萬子、筒子、索子のうちどれか一つがない),なし,１飜,１飜（字牌不可）,,,,,,,,,,,,,,
423,8,0,,,,,,,絶一門,絶一門の有無と価値を設定します(萬子、筒子、索子のうちどれか一つがない),なし,１飜,,,,,,,,,,,,,,,
424,15,0,,,,,,,九蓮花燈,九蓮花燈の有無と価値を設定します(清一色でない1112345678999の形),なし,４飜(門前のみ),２飜(門前のみ),,,,,,,,,,,,,,
425,15,0,,,,,,,九蓮碧燈,九蓮碧燈の有無と価値を設定します(鳴いた清一色で1112345678999の形),なし,３飜,,,,,,,,,,,,,,,
426,9,6,,,,,,,百万石,百万石の有無と価値を設定します(萬子の清一色で数字の合計が100以上),なし,役満,役満(丁度百でダブル役満),,,,,,,,,,,,,,
427,15,0,,,,,,,筒子百万石,筒子百万石の有無と価値を設定します(筒子の清一色で数字の合計が100以上),なし,役満,,,,,,,,,,,,,,,
428,9,6,,,,,,,紀州五十五万石,紀州五十五万石の有無と価値を設定します(萬子の清一色で数字の合計が55),なし,役満,,,,,,,,,,,,,,,
429,9,6,,,,,,,水戸三十五万石,水戸三十五万石の有無と価値を設定します(萬子の清一色で数字の合計が35以下),なし,役満,,,,,,,,,,,,,,,
430,15,0,,,,,,,フルムーン,フルムーンの有無と価値を設定します(清一色で数字の合計が88),なし,役満,,,,,,,,,,,,,,,
431,15,0,,,,,,,未成年,未成年の有無と価値を設定します(字牌を含まず数字の合計が19),なし,３飜,６飜,,,,,,,,,,,,,,
432,15,0,,,,,,,成人式,成人式の有無と価値を設定します(字牌を含まず数字の合計が20),なし,３飜,役満,,,,,,,,,,,,,,
433,15,0,,,,,,,円周率和,円周率和の有無と価値を設定します(門前清一色で11234555678999の形),なし,役満(門前のみ),,,,,,,,,,,,,,,
434,15,0,,,,,,,√２和,√２和の有無と価値を設定します(門前清一色で1112233344567?の形),なし,役満(門前のみ),,,,,,,,,,,,,,,
435,15,0,,,,,,,√１０和,√１０和の有無と価値を設定します(門前清一色で11223366667778の形),なし,役満(門前のみ),,,,,,,,,,,,,,,
436,15,0,,,,,,,自然対数の底,自然対数の底の有無と価値を設定します(門前清一色で122245788889?の形),なし,役満(門前のみ),,,,,,,,,,,,,,,
437,15,0,,,,,,,虚数和,虚数和の有無と価値を設定します(門前清一色で1235566777789?の形),なし,役満(門前のみ),,,,,,,,,,,,,,,
438,7,8,,,,,,,偏全帯幺九,偏全帯幺九の有無と価値を設定します(一か九のどちらかがない全帯幺九),なし,３飜(喰い下がり有り),,,,,,,,,,,,,,,
439,15,0,,,,,,,全帯一,全帯一の有無と価値を設定します(全ての面子と雀頭に数牌の１を含む),なし,４飜,６飜(喰い下がり有り),,,,,,,,,,,,,,
440,15,0,,,,,,,全帯二,全帯二の有無と価値を設定します(全ての面子と雀頭に数牌の２を含む),なし,４飜,,,,,,,,,,,,,,,
441,15,0,,,,,,,全帯三,全帯三の有無と価値を設定します(全ての面子と雀頭に数牌の３を含む),なし,４飜,,,,,,,,,,,,,,,
442,15,0,,,,,,,全帯四,全帯四の有無と価値を設定します(全ての面子と雀頭に数牌の４を含む),なし,４飜,,,,,,,,,,,,,,,
443,15,0,,,,,,,全帯五,全帯五の有無と価値を設定します(全ての面子と雀頭に数牌の５を含む),なし,２飜,３飜(喰い下がり有り),４飜,６飜(喰い下がり有り),,,,,,,,,,,,
444,15,0,,,,,,,全帯六,全帯六の有無と価値を設定します(全ての面子と雀頭に数牌の６を含む),なし,４飜,,,,,,,,,,,,,,,
445,15,0,,,,,,,全帯七,全帯七の有無と価値を設定します(全ての面子と雀頭に数牌の７を含む),なし,４飜,,,,,,,,,,,,,,,
446,15,0,,,,,,,全帯八,全帯八の有無と価値を設定します(全ての面子と雀頭に数牌の８を含む),なし,４飜,,,,,,,,,,,,,,,
447,15,0,,,,,,,全帯九,全帯九の有無と価値を設定します(全ての面子と雀頭に数牌の９を含む),なし,４飜,６飜(喰い下がり有り),,,,,,,,,,,,,,
448,15,0,,,,,,,小於五,小於五の有無と価値を設定します(1、2、3、4の数牌のみで和了る),なし,６飜,,,,,,,,,,,,,,,
449,15,0,,,,,,,大於五,大於五の有無と価値を設定します(6、7、8、9の数牌のみで和了る),なし,６飜,,,,,,,,,,,,,,,
450,15,0,,,,,,,全小,全小の有無と価値を設定します(1、2、3の数牌のみで和了る),なし,６飜,,,,,,,,,,,,,,,
451,15,0,,,,,,,全中,全中の有無と価値を設定します(4、5、6の数牌のみで和了る),なし,６飜,,,,,,,,,,,,,,,
452,15,0,,,,,,,全大,全大の有無と価値を設定します(7、8、9の数牌のみで和了る),なし,６飜,,,,,,,,,,,,,,,
453,15,0,,,,,,,上級断幺九,上級断幺九の有無と価値を設定します(3〜7の牌だけで和了),なし,２飜,,,,,,,,,,,,,,,
454,6,9,,,,,,,萬和,萬和の有無と価値を設定します(萬子の混一色),なし,役満(萬子と風牌),役満(萬子と字牌),,,,,,,,,,,,,,
480,15,0,,,,,,,鳥立直,鳥立直の有無と価値を設定します(一索切ってリーチ：付加役),なし,１飜,,,,,,,,,,,,,,,
481,15,0,,,,,,,超一発,超一発の有無と価値を設定します(下家から立直一発を和了る),なし,２飜,,,,,,,,,,,,,,,
482,1,14,,,,,,,三隻転覆,三隻転覆の有無と価値を設定します(三人が立直時、立直していない人が自摸和了),なし,３飜,,,,,,,,,,,,,,,
483,1,14,,,,,,,起死回生,起死回生の有無と価値を設定します(三人がダブル立直時、黙聴で自摸和了),なし,役満,,,,,,,,,,,,,,,
484,15,0,,,,,,,五筒開花,五筒開花の有無と価値を設定します(五筒で嶺上開花),なし,役満,４飜,,,,,,,,,,,,,,
485,7,8,,,,,,,中上開花,中上開花の有無と価値を設定します(嶺上開花を中で和了る),なし,２飜,,,,,,,,,,,,,,,
486,15,0,,,,,,,頭槓和,頭槓和の有無と価値を設定します(純粋な一巡目に槓をして嶺上開花),なし,役満,,,,,,,,,,,,,,,
487,15,0,,,,,,,連槓開花,連槓開花の有無と価値を設定します(立て続けに槓をして嶺上開花),なし,２飜,,,,,,,,,,,,,,,
488,15,0,,,,,,,サヨナラホームラン,サヨナラホームランの有無と価値を設定します(海底の１つ前の牌を槓して嶺上開花),なし,３飜,,,,,,,,,,,,,,,
489,15,0,,,,,,,二索槍槓,二索槍槓の有無と価値を設定します(二索で搶槓),なし,役満,４飜,,,,,,,,,,,,,,
490,15,0,,,,,,,一筒摸月,一筒摸月の有無と価値を設定します(一筒で海底摸月),なし,役満,４飜,,,,,,,,,,,,,,
491,15,0,,,,,,,海底撈針,海底撈針の有無と価値を設定します(一萬を海底ツモ：付加役),なし,１飜,,,,,,,,,,,,,,,
492,15,0,,,,,,,海底撈花,海底撈花の有無と価値を設定します(五筒を海底ツモ：付加役),なし,１飜,,,,,,,,,,,,,,,
493,7,8,,,,,,,発底摸月,発底摸月の有無と価値を設定します(海底摸月を発で和了る),なし,２飜,,,,,,,,,,,,,,,
494,15,0,,,,,,,九筒撈魚,九筒撈魚の有無と価値を設定します(九筒で河底撈魚),なし,役満,４飜,,,,,,,,,,,,,,
495,7,8,,,,,,,白底撈魚,白底撈魚の有無と価値を設定します(河底撈魚を白で和了る),なし,２飜,,,,,,,,,,,,,,,
496,15,0,,,,,,,泥底撈蟲,泥底撈蟲の有無と価値を設定します(裸単騎で海底か河底和了り),なし,１飜,,,,,,,,,,,,,,,
497,7,8,,,,,,,ラストオーダー麻婆豆腐,ラストオーダー麻婆豆腐の有無と価値を設定します(海底または河底で白で和了る：付加役),なし,１飜,,,,,,,,,,,,,,,
498,15,0,,,,,,,石の上にも三年,石の上にも三年の有無と価値を設定します(ダブル立直と海底か河底の複合),なし,役満,,,,,,,,,,,,,,,
499,15,0,,,,,,,燕返し,燕返しの有無と価値を設定します(リーチ宣言牌をロン),なし,１飜,,,,,,,,,,,,,,,
500,15,0,,,,,,,飛燕,飛燕の有無と価値を設定します(ダブル立直宣言牌をロンする),なし,ダブル役満,,,,,,,,,,,,,,,
501,15,0,,,,,,,欠牌和,欠牌和の有無と価値を設定します(嵌張・辺張・単騎のラス牌和了り),なし,１飜,,,,,,,,,,,,,,,
502,15,0,,,,,,,金鶏奪食,金鶏奪食の有無と価値を設定します(欠牌和を搶槓で和了),なし,１飜,,,,,,,,,,,,,,,
503,15,0,,,,,,,槓振り,槓振りの有無と価値を設定します(槓した直後の捨て牌でロン),なし,１飜,,,,,,,,,,,,,,,
504,7,8,,,,,,,客来和,客来和の有無と価値を設定します(客風牌をロン),なし,１飜,,,,,,,,,,,,,,,
505,15,0,,,,,,,破回八連荘,破回八連荘の有無と価値を設定します(親が八連荘の権利がある時の子の和了り),なし,役満,,,,,,,,,,,,,,,
506,7,8,,,,,,,暗中模索,暗中模索の有無と価値を設定します(中を暗槓して索子で自摸和),なし,１飜,,,,,,,,,,,,,,,
507,15,0,,,,,,,ドラ和,ドラ和の有無と価値を設定します(ドラで和了する),なし,１飜,,,,,,,,,,,,,,,
508,9,6,,,,,,,四馬路,四馬路の有無と価値を設定します(満貫以上を和了っている状態で四萬をロン),なし,１飜,,,,,,,,,,,,,,,
509,1,14,,,,,,,南無八幡,南無八幡の有無と価値を設定します(南、白、八萬の刻子),なし,役満,,,,,,,,,,,,,,,
510,15,0,,,,,,,鳳還巣,鳳還巣の有無と価値を設定します(一索を捨てている状態で一索単騎をツモ和了り),なし,１飜,２飜,,,,,,,,,,,,,,
511,15,0,,,,,,,月還巡,月還巡の有無と価値を設定します(一筒を捨てている状態で一筒単騎をツモ和了り),なし,１飜,２飜,,,,,,,,,,,,,,
512,15,0,,,,,,,針戻手,針戻手の有無と価値を設定します(一萬を捨てている状態で一萬単騎をツモ和了り),なし,１飜,２飜,,,,,,,,,,,,,,
513,15,0,,,,,,,金亀帰還,金亀帰還の有無と価値を設定します(七索を捨てている状態で七索単騎をツモ和了り),なし,１飜,２飜,,,,,,,,,,,,,,
514,15,0,,,,,,,北斗召還,北斗召還の有無と価値を設定します(七筒を捨てている状態で七筒単騎をツモ和了り),なし,１飜,２飜,,,,,,,,,,,,,,
515,9,6,,,,,,,大蛇還穴,大蛇還穴の有無と価値を設定します(七萬を捨てている状態で七萬単騎をツモ和了り),なし,１飜,２飜,,,,,,,,,,,,,,
516,7,8,,,,,,,東風吹,東風吹の有無と価値を設定します(東を捨てている状態で東単騎をツモ和了り),なし,１飜,２飜,,,,,,,,,,,,,,
517,7,8,,,,,,,南風吹,南風吹の有無と価値を設定します(南を捨てている状態で南単騎をツモ和了り),なし,１飜,２飜,,,,,,,,,,,,,,
518,7,8,,,,,,,西風吹,西風吹の有無と価値を設定します(西を捨てている状態で西単騎をツモ和了り),なし,１飜,２飜,,,,,,,,,,,,,,
519,7,8,,,,,,,北風吹,北風吹の有無と価値を設定します(北を捨てている状態で北単騎をツモ和了り),なし,１飜,２飜,,,,,,,,,,,,,,
520,15,0,,,,,,,金龍天和,金龍天和の有無と価値を設定します(3巡目までに筒子で和了),なし,１飜,,,,,,,,,,,,,,,
521,7,8,,,,,,,旋風栄和,旋風栄和の有無と価値を設定します(3巡目までに風牌で和了),なし,役満,,,,,,,,,,,,,,,
522,15,0,,,,,,,青天の霹靂,青天の霹靂の有無と価値を設定します(誰も立直・副露・暗槓していない状態で4巡目以内に和了),なし,４飜,,,,,,,,,,,,,,,
523,15,0,,,,,,,美鈴,美鈴の有無と価値を設定します(二索で栄和),なし,１飜,,,,,,,,,,,,,,,
524,15,0,,,,,,,猫まっしぐら,猫まっしぐらの有無と価値を設定します(三索の嵌張待ちで和了る),なし,１飜,,,,,,,,,,,,,,,
560,15,0,,,,,,,十二落抬,十二落抬の有無と価値を設定します(４面子をチーポン明槓で作る),なし,１飜,１飜(ロンのみ),,,,,,,,,,,,,,
561,15,0,,,,,,,金鶏独立,金鶏独立の有無と価値を設定します(一索待ちの十二落抬),なし,役満,,,,,,,,,,,,,,,
562,7,8,,,,,,,独釣寒江雪,独釣寒江雪の有無と価値を設定します(白待ちの十二落抬),なし,役満,,,,,,,,,,,,,,,
563,15,0,,,,,,,覇王鞭,覇王鞭の有無と価値を設定します(同じ筋の牌で下から槓子・刻子・対子の順またはその逆),なし,６飜,６飜(索子のみ),,,,,,,,,,,,,,
564,15,0,,,,,,,劉関張,劉関張の有無と価値を設定します(連続する数牌で下から槓子・刻子・対子の順またはその逆),なし,６飜,,,,,,,,,,,,,,,
565,9,6,,,,,,,喜鵲閙梅,喜鵲閙梅の有無と価値を設定します(一索と五筒の刻子、123萬と123筒の順子、五索の雀頭),なし,６飜,,,,,,,,,,,,,,,
566,7,8,,,,,,,赤眼青龍,赤眼青龍の有無と価値を設定します(234筒の順子、二筒・四筒・八筒・(白or東)で刻子と雀頭),なし,役満,,,,,,,,,,,,,,,
567,15,0,,,,,,,黒衣騎士,黒衣騎士の有無と価値を設定します(数牌の数字の合計が21),なし,２飜,,,,,,,,,,,,,,,
568,7,8,,,,,,,白衣騎士,白衣騎士の有無と価値を設定します(白の刻子がある黒衣騎士),なし,役満,,,,,,,,,,,,,,,
569,7,8,,,,,,,青函トンネル,青函トンネルの有無と価値を設定します(発の槓子、東の明刻、一筒の刻子),なし,役満,,,,,,,,,,,,,,,
570,7,8,,,,,,,青函連絡船,青函連絡船の有無と価値を設定します(発の暗槓、北の雀頭、一気通貫),なし,役満,,,,,,,,,,,,,,,
571,7,8,,,,,,,東京五輪(混一色),東京オリンピックの有無と価値を設定します(東と五筒がある混一色),なし,役満,,,,,,,,,,,,,,,
572,7,8,,,,,,,東京五輪(五門斉),東京オリンピックの有無と価値を設定します(ダブ東の刻子がある五門斉),なし,役満,,,,,,,,,,,,,,,
573,7,8,,,,,,,東花園(刻子),東花園の有無と価値を設定します(東、8、7の刻子),なし,役満,,,,,,,,,,,,,,,
574,7,8,,,,,,,東花園(嶺上開花),東花園の有無と価値を設定します(ダブ東を槓して嶺上開花),なし,役満,,,,,,,,,,,,,,,
575,1,14,,,,,,,冬のソナタ,冬のソナタの有無と価値を設定します(北雀頭で三色同順、全帯幺、中の複合),なし,役満,,,,,,,,,,,,,,,
576,7,8,,,,,,,冬のソナタ２,冬のソナタ２の有無と価値を設定します(123か789の順子2色、2の刻子、残りは北と中),なし,役満,,,,,,,,,,,,,,,
577,7,8,,,,,,,東大役満,東大役満の有無と価値を設定します(東の暗槓、順子3組がある門前両面待ち和了),なし,役満,,,,,,,,,,,,,,,
578,7,8,,,,,,,北大役満,北大役満の有無と価値を設定します(北の暗槓、順子3組がある門前両面待ち和了),なし,役満,,,,,,,,,,,,,,,
579,7,8,,,,,,,中大役満,中大役満の有無と価値を設定します(中の暗槓、順子3組がある門前両面待ち和了),なし,役満,,,,,,,,,,,,,,,
580,7,8,,,,,,,白皇学園,白皇学園の有無と価値を設定します(白の暗槓、順子3組がある門前両面待ち和了),なし,役満,,,,,,,,,,,,,,,
581,7,8,,,,,,,東北大役満,東北大役満の有無と価値を設定します(東と北の暗槓、順子2組がある門前両面待ち和了),なし,役満,,,,,,,,,,,,,,,
582,15,0,,,,,,,名大役満,名大役満の有無と価値を設定します(5と8の暗槓、順子2組がある門前両面待ち和了),なし,役満,,,,,,,,,,,,,,,
583,15,0,,,,,,,カラス,カラスの有無と価値を設定します(役なしの嵌張・辺張・単騎和了り),なし,１飜,,,,,,,,,,,,,,,
584,15,0,,,,,,,カラス立直,カラス立直の有無と価値を設定します(立直のみの和了),なし,１飜,,,,,,,,,,,,,,,
585,7,8,,,,,,,北枕,北枕の有無と価値を設定します(役満・１飜手以外でドラでない北が雀頭),なし,マイナス１飜,,,,,,,,,,,,,,,
586,15,0,,,,,,,四帰一,四帰一の有無と価値を設定します(順子と刻子で４枚使い),なし,１飜,,,,,,,,,,,,,,,
587,15,0,,,,,,,両四帰一,両四帰一の有無と価値を設定します(四帰一を二組),なし,２飜,３飜,,,,,,,,,,,,,,
588,15,0,,,,,,,虎四帰一,虎四帰一の有無と価値を設定します(順子と２刻子で二組の４枚使い),なし,２飜,３飜,,,,,,,,,,,,,,
589,15,0,,,,,,,龍四帰一,龍四帰一の有無と価値を設定します(順子と３刻子で三組の４枚使い),なし,役満,,,,,,,,,,,,,,,
590,15,0,,,,,,,四帰三,四帰三の有無と価値を設定します(順子二つと雀頭で４枚使い),なし,３飜,,,,,,,,,,,,,,,
591,15,0,,,,,,,四帰三一,四帰三一の有無と価値を設定します(四帰三と四帰一の複合),なし,４飜,,,,,,,,,,,,,,,
592,15,0,,,,,,,四帰四,四帰四の有無と価値を設定します(順子４つで４枚使い),なし,６飜,,,,,,,,,,,,,,,
593,15,0,,,,,,,重四帰四,重四帰四の有無と価値を設定します(順子４つで２組の４枚使い),なし,８飜,,,,,,,,,,,,,,,
594,15,0,,,,,,,大四帰四,大四帰四の有無と価値を設定します(四帰四と四帰三の複合),なし,役満,,,,,,,,,,,,,,,
595,7,8,,,,,,,東の青龍,東の青龍の有無と価値を設定します(筒子の一気通貫、東の暗槓、白の雀頭),なし,役満(門前のみ),,,,,,,,,,,,,,,
596,7,8,,,,,,,南の朱雀,南の朱雀の有無と価値を設定します(一索と南の槓子、５７９索のうち２つの刻子、中の雀頭),なし,役満,,,,,,,,,,,,,,,
597,1,14,,,,,,,西の白虎,西の白虎の有無と価値を設定します(３の三色同刻、西の槓子、白の雀頭),なし,役満,,,,,,,,,,,,,,,
598,7,8,,,,,,,北の玄武,北の玄武の有無と価値を設定します(筒子の一気通貫、北の暗槓、七索の雀頭),なし,役満(門前のみ),,,,,,,,,,,,,,,
599,15,0,,,,,,,鳳子刻,鳳子刻の有無と価値を設定します(同色で111456999の形),なし,１飜,,,,,,,,,,,,,,,
600,15,0,,,,,,,竜子刻,竜子刻の有無と価値を設定します(同色で123555789の形),なし,１飜,,,,,,,,,,,,,,,
601,1,14,,,,,,,本花,本花の有無と価値を設定します(自分の風と対応する花牌：東家は春と梅、南家は夏と蘭、西家は秋と菊、北家は冬と竹),なし,１飜アップ,,,,,,,,,,,,,,,
602,1,14,,,,,,,春夏秋冬,春夏秋冬の有無と価値を設定します(季節牌４枚全てそろえる),なし,２飜アップ,４飜アップ,役満,,,,,,,,,,,,,
603,1,14,,,,,,,四華開嶺,四華開嶺の有無と価値を設定します(草木牌４枚全てそろえる),なし,２飜アップ,４飜アップ,役満,,,,,,,,,,,,,
604,1,14,,,,,,,八仙過海,八仙過海の有無と価値を設定します(花牌８枚全てそろえる),なし,役満,,,,,,,,,,,,,,,
605,6,9,,,,,,,北四枚抜き,北四枚抜きの有無と価値を設定します(抜きドラの北を4枚抜く),なし,役満,,,,,,,,,,,,,,,
606,7,8,,,,,,,十三無靠,十三無靠の有無と価値を設定します(親の配牌か子の第一ツモで14枚全部が孤立牌),なし,役満,,,,,,,,,,,,,,,
607,7,8,,,,,,,七星無靠,七星無靠の有無と価値を設定します(字牌7種を1枚ずつと、三色それぞれが別々の筋の浮き牌7枚),なし,役満,満貫,,,,,,,,,,,,,,
608,7,8,,,,,,,全不靠,全不靠の有無と価値を設定します(三色それぞれ別々の筋の数牌と字牌から1枚ずつ計14枚揃える),なし,３飜３０符,３飜４０符,４飜４０符,満貫,役満,,,,,,,,,,,
609,7,8,,,,,,,南北戦争,南北戦争の有無と価値を設定します(東と南の刻子、ある色で1881、別の色で1885),なし,役満,,,,,,,,,,,,,,,
610,15,0,,,,,,,惑星直列,惑星直列の有無と価値を設定します(筒子で11233455677899の形),なし,役満(門前のみ),,,,,,,,,,,,,,,
611,15,0,,,,,,,愚濫怒苦露酢,愚濫怒苦露酢の有無と価値を設定します(筒子で12344455666789の形),なし,役満(門前のみ),,,,,,,,,,,,,,,
