0,31,0,,基本のルール設定①,,,,game_length,長さ,１試合の長さを設定します,east_south_game,east_wind_game,full_round_game,east_north_game,single_round_game,twice_east_game,east_south_west_game,east_west_game,east_only_game,,,,,,,,,,,
1,31,0,,,,,,sudden_death_length,延長戦の制限,延長戦の有無と長さを設定します,unlimited,one_extra_round,no,,,,,,,,,,,,,,,,,
2,31,0,"chk('sudden_death_length', 'no')",,,,,sudden_death_type,北場の次,北四局を越えて延長戦が行われる場合の処置を設定します,return_to_east,continue_into_white,,,,,,,,,,,,,,,,,,
3,5,0,,,,,,starting_point,配給原点,試合開始時の持ち点を設定します,25000pts_oka20,27000pts_oka12,30000pts_oka0,35000pts_oka-20,40000pts_oka-40,custom,20000pts_oka40,,,,,,,,,,,,,
3,26,0,,,,,,starting_point,配給原点,試合開始時の持ち点を設定します,35000pts_oka15,40000pts_oka0,45000pts_oka-15,50000pts_oka-30,25000pts_oka15,27000pts_oka9,30000pts_oka0,custom,25000pts_oka45,30000pts_oka30,,,,,,,,,,
4,5,0,,,,,,point_basis,ウマ,順位に応じて増減する点数を設定します,5-10,10-20,10-30,20-40,20-50,20-60,7-5-3,8-3-1,10-20-30,shizumiuma_5,shizumiuma_10,shizumiuma_20,custom,no,0-3,0-5,3-5,,,
4,26,0,,,,,,point_basis,ウマ,順位に応じて増減する点数を設定します(３位から１位に移動),10,20,30,40,50,60,4-8,5-10,10-20,shizumiuma_5,shizumiuma_10,shizumiuma_20,custom,no,3,5,8,,,
5,31,0,,,,,,buttobi_border,トビ,誰かの持ち点がなくなった時点で終了するかどうかを設定します,negative,nonpositive,no,,,,,,,,,,,,,,,,,
6,31,0,"chk('buttobi_border', 'no')",,,,,penalty_negative,トビ賞,誰かの持ち点を０未満にしたときにもらえるボーナスです,no,10000pts,20000pts,chip1,chip2,chip3,,,,,,,,,,,,,,
7,31,0,,,,,,teppen,天辺,誰かの持ち点が規定以上になると終了するかどうかを設定します,no,50000pts,55000pts,60000pts,65000pts,70000pts,,,,,,,,,,,,,,
8,31,0,"chk('buttobi_border', 'no')",,,,,riichi_requisite,立直時点棒要件,立直宣言時に持っていなければならない点数を設定します(飛び無しルールでは無視されます),require_1000,require_1100,no,,,,,,,,,,,,,,,,,
9,31,0,"chk('riichi_shibari', 'yes')",,,,,getting_deposit,供託点棒,供託点棒がリーチ者以外でももらえるかを設定します,agaridori,riichidori,,,,,,,,,,,,,,,,,,
10,31,0,,,,,,dice_roll,サイコロ,開門位置の決め方を設定します,roll_once,roll_twice,,,,,,,,,,,,,,,,,,
11,31,0,,,,,,furiten_riichi,振聴立直,振聴立直の有無を設定します(なしの場合は流局時と和了時チョンボ、他家の和了時は不問),yes,no,,,,,,,,,,,,,,,,,,
12,31,0,,,,,,yakitori,焼き鳥,一度も和了れなかった人がトップに支払う点数です,no,5000pts,10000pts,chip1,chip2,chip3,,,,,,,,,,,,,,
13,31,0,"chk('yakitori', 'no')",,,,,yakitori_again,焼き鳥返し,誰も焼き鳥でなくなった場合に全員焼き鳥に戻るかどうかを設定します,no,yes,,,,,,,,,,,,,,,,,,
14,1,0,,,,,,kuikae,喰い替え,喰い替えをした時の罰則を設定します,agari_houki,chombo,allowed,agari_houki_if_in_kind,chombo_if_in_kind,,,,,,,,,,,,,,,
14,30,0,,,,,,kuikae,喰い替え,喰い替えをした時の罰則を設定します,agari_houki,chombo,allowed,,,,,,,,,,,,,,,,,
15,31,0,,,,,,ryanshiba,二飜縛り,二飜縛りの有無を設定します,no,from_5honba,from_4honba,,,,,,,,,,,,,,,,,
16,31,0,,,,,,round_continuation,連荘条件,荒牌時の連荘条件を設定します,renchan_if_ready,renchan_if_mahjong,renchan_always,renchan_never,renchan_if_ready_until_final_round,renchan_if_mahjong_until_final_round,,,,,,,,,,,,,,
17,31,0,,,,,,agariyame,和了り止め,オーラスで浮いているトップの親の和了り止めを設定します,yes,no,yes_also_ready,,,,,,,,,,,,,,,,,
18,1,0,,,,,,multiple_mahjong,複数和了,二家和/三家和のルールを設定します,single_mahjong_with_draw,single_mahjong,dual_mahjong_with_draw,dual_mahjong,trial_mahjong,,,,,,,,,,,,,,,
18,30,0,,,,,,multiple_mahjong,複数和了,二家和のルールを設定します,single_mahjong,>>>,dual_mahjong,>>>,>>>,aborted,,,,,,,,,,,,,,
19,1,0,"chk('multiple_mahjong', 'single_mahjong_with_draw') or chk('multiple_mahjong', 'single_mahjong')",,,,,simultaneous_mahjong,同時和了時,複数和了り時の連荘条件を設定します,renchan_if_dealer_mahjong,renchan_if_dealer_upstream,next_dealer,,,,,,,,,,,,,,,,,
19,30,0,"chk('multiple_mahjong', 'single_mahjong') or chk('multiple_mahjong', 'aborted')",,,,,simultaneous_mahjong,同時和了時,複数和了り時の連荘条件を設定します,renchan_if_dealer_mahjong,renchan_if_dealer_upstream,next_dealer,,,,,,,,,,,,,,,,,
20,1,0,"not (chk('multiple_mahjong', 'single_mahjong_with_draw') or chk('multiple_mahjong', 'dual_mahjong_with_draw'))",,,,,triple_mahjong,三家和流れ,三家和で流れる時の連荘条件を設定します,renchan_if_nondealer_furikomi,renchan_if_north_furikomi,same_dealer,next_dealer,,,,,,,,,,,,,,,,
20,30,0,"not chk('multiple_mahjong', 'aborted')",,,,,triple_mahjong,二家和流れ,二家和で流れる時の連荘条件を設定します,renchan_if_nondealer_furikomi,renchan_if_west_furikomi,same_dealer,next_dealer,,,,,,,,,,,,,,,,
21,23,8,,,,,,nine_terminals,九種九牌,九種九牌のときのルールを設定します,same_dealer,renchan_if_dealer_kyuushu,next_dealer,continue,,,,,,,,,,,,,,,,
22,31,0,,,,,,four_kong_ryuukyoku,四開槓,二人以上で４回槓が行なわれたときのルールを設定します,same_dealer,next_dealer,continue,,,,,,,,,,,,,,,,,
23,31,0,,,,,,fifth_kong,５回目の槓,５回目の槓ができるかどうかのルールを設定します,no,same_dealer,next_dealer,,,,,,,,,,,,,,,,,
24,1,8,,,,,,four_wind_ryuukyoku,四風連打,鳴きのない１巡目に４人が同じ風牌を捨てたときのルールを設定します,same_dealer,next_dealer,continue,same_dealer_west,next_dealer_west,,,,,,,,,,,,,,,
24,22,8,,,,,,four_wind_ryuukyoku,三風連打,鳴きのない１巡目に３人が同じ風牌を捨てたときのルールを設定します,continue,same_dealer,next_dealer,same_dealer_west,next_dealer_west,,,,,,,,,,,,,,,
25,1,0,,,,,,four_riichi_ryuukyoku,四人立直,４人全員が立直したときのルールを設定します,same_dealer,next_dealer,continue,,,,,,,,,,,,,,,,,
25,30,0,,,,,,four_riichi_ryuukyoku,三人立直,３人全員が立直したときのルールを設定します,continue,same_dealer,next_dealer,,,,,,,,,,,,,,,,,
26,23,0,,,,,,double_yakuman,単一ダブル役満,国士無双十三面張・純正九連宝燈・四暗刻単騎聴・大四喜のダブル役満扱いの有無を設定します,yes,no,,,,,,,,,,,,,,,,,,
26,8,0,,,,,,double_yakuman,単一ダブル役満,純正九連宝燈・四暗刻単騎聴のダブル役満扱いの有無を設定します,yes,no,,,,,,,,,,,,,,,,,,
27,31,0,"not chk('limitless', 'no')",,,,,round_to_mangan,切り上げ満貫,三十符四飜、六十符三飜を満貫とみなすかを設定します,no,yes,,,,,,,,,,,,,,,,,,
28,31,0,,,,,,simplified_scoring,点数計算,点数を簡略計算するかを設定します,formal,simplified,,,,,,,,,,,,,,,,,,
29,23,8,,,,,,double_yaku_wind_pair,雀頭符の重複,ダブ風牌など、刻子にすると2飜以上になる役牌の雀頭に与えられる符を設定します,yes,no,,,,,,,,,,,,,,,,,,
30,5,0,,,,,,tsumiboh_rate,積み棒,積み棒のレートを設定します,counter_300,>>>,counter_1500,no,,,,,,,,,,,,,,,,
30,26,0,,,,,,tsumiboh_rate,積み棒,積み棒のレートを設定します,counter_200,counter_600,counter_1000,no,,,,,,,,,,,,,,,,
31,31,0,,,,,,minkan_pao,大明槓の包,大明槓したときの嶺上牌で和了りになった場合の処理を設定します,no,yes,yes_also_contiguous_kong,no_but_2han,yes_2han,yes_2han_andalso_contiguous_kong,chombo_if_mahjong,,,,,,,,,,,,,
32,23,8,,,,,,normal_pao,大三元・大四喜の包,大三元・大四喜を確定させたプレイヤーの責任払いの有無を設定します,yes,no,,,,,,,,,,,,,,,,,,
33,31,0,"not chk('limitless', 'no')",,,,,sanbaiman_border,三倍満,三倍満とする飜数を設定します(場ゾロを含まず),11han_or_more,10han_or_more,,,,,,,,,,,,,,,,,,
34,31,0,"not chk('limitless', 'no')",,,,,kazoe_border,数え役満,数え役満とする飜数を設定します(場ゾロを含まず),13han_or_more,12han_or_more,no,,,,,,,,,,,,,,,,,
35,31,0,,,,,,riichi_shibari,立直縛り,立直縛りの有無を設定します,no,yes,,,,,,,,,,,,,,,,,,
36,31,0,,,,,,ankan_conceal,暗槓の伏せ方,暗槓した牌を開示するかを設定します,open,closed,,,,,,,,,,,,,,,,,,
37,23,8,"chk('ankan_conceal', 'closed')",,,,,ankan_chankan,暗槓の搶槓,暗槓の牌で国士無双を和了れるかを設定します,yes,no,,,,,,,,,,,,,,,,,,
38,31,0,,,,,,kakan_furiten,加槓牌の振聴,加槓した牌を振聴の対象とみなすかを設定します,no,yes,,,,,,,,,,,,,,,,,,
39,26,1,,,,,,tsumo_payment,自摸和了の点数,ツモ和了りの点数の負担方法を設定します,fifty_fifty,>>>,north_segment_omitted,add_1000,adjusted_payment,north_segment_halved,,,,,,,,,,,,,,
39,4,1,,,,,,tsumo_payment,自摸和了の点数,ツモ和了りの点数の負担方法を設定します,same_as_yonma,fifty_fifty,north_segment_omitted,add_1000,adjusted_payment,north_segment_halved,,,,,,,,,,,,,,
40,31,0,,基本のルール設定②,,,,minkan_penalty,大明槓罰符,大明槓をすると1000点供託しなければならないかを設定します,no,yes,,,,,,,,,,,,,,,,,,
41,31,0,,,,,,kataagari,片和り,縛りを満たさない待ちがあっても他の待ちで和了れるか(後付けの可否)を設定します,yes,no,,,,,,,,,,,,,,,,,,
60,31,0,,,,,,starting_point_mantissa_tens,配給原点(仮数部甲),ユーザー設定の配給原点を設定します(十の位),2,3,4,5,6,7,8,9,0,1,,,,,,,,,,
61,31,0,,,,,,starting_point_mantissa_ones,配給原点(仮数部乙),ユーザー設定の配給原点を設定します(一の位),5,6,7,8,9,0,1,2,3,4,,,,,,,,,,
62,31,0,,,,,,starting_point_exponent,配給原点(指数部),ユーザー設定の配給原点を設定します(単位),exp_03,exp_04,exp_05,exp_06,exp_07,exp_08,exp_09,exp_10,exp_11,exp_12,exp_13,exp_14,exp_15,exp_16,exp_17,exp_02,,,,
63,31,0,,,,,,base_point_mantissa_tens,原点(仮数部甲),ユーザー設定の返し点を設定します(十の位),3,4,5,6,7,8,9,0,1,2,,,,,,,,,,
64,31,0,,,,,,base_point_mantissa_ones,原点(仮数部乙),ユーザー設定の返し点を設定します(一の位),0,1,2,3,4,5,6,7,8,9,,,,,,,,,,
65,31,0,,,,,,base_point_exponent,原点(指数部),ユーザー設定の返し点を設定します(単位),exp_03,exp_04,exp_05,exp_06,exp_07,exp_08,exp_09,exp_10,exp_11,exp_12,exp_13,exp_14,exp_15,exp_16,exp_17,exp_02,,,,
78,31,0,,,,,,dahai_time,打牌制限時間,打牌選択の制限時間を設定します,15sec,16sec,17sec,18sec,19sec,20sec,5sec,6sec,7sec,8sec,9sec,10sec,11sec,12sec,13sec,14sec,,,,
79,31,0,,,,,,fuuro_time,副露選択時間,副露選択の制限時間を設定します,10sec,11sec,12sec,13sec,14sec,15sec,16sec,17sec,18sec,19sec,20sec,5sec,6sec,7sec,8sec,9sec,,,,
80,31,0,,カスタムウマ設定,,,,point_basis_a2_mantissa_tens,Ａ２位・仮数部甲,ユーザー設定のウマを設定します(十の位),0,1,2,3,4,5,6,7,8,9,-9,-8,-7,-6,-5,-4,-3,-2,-1,-0
81,31,0,,,,,,point_basis_a2_mantissa_ones,Ａ２位・仮数部乙,ユーザー設定のウマを設定します(一の位),0,1,2,3,4,5,6,7,8,9,,,,,,,,,,
82,31,0,,,,,,point_basis_a2_exponent,Ａ２位・指数部,１人浮きのウマを設定します(単位),exp_00,exp_01,exp_02,exp_03,exp_04,exp_05,exp_06,exp_07,exp_08,exp_09,exp_10,exp_11,exp_12,exp_13,exp_14,exp_15,,,,
83,31,0,,,,,,point_basis_a3_mantissa_tens,Ａ３位・仮数部甲,１人浮きのウマを設定します(十の位),0,1,2,3,4,5,6,7,8,9,-9,-8,-7,-6,-5,-4,-3,-2,-1,-0
84,31,0,,,,,,point_basis_a3_mantissa_ones,Ａ３位・仮数部乙,１人浮きのウマを設定します(一の位),0,1,2,3,4,5,6,7,8,9,,,,,,,,,,
85,31,0,,,,,,point_basis_a3_exponent,Ａ３位・指数部,１人浮きのウマを設定します(単位),exp_00,exp_01,exp_02,exp_03,exp_04,exp_05,exp_06,exp_07,exp_08,exp_09,exp_10,exp_11,exp_12,exp_13,exp_14,exp_15,,,,
86,5,26,,,,,,point_basis_a4_mantissa_tens,Ａ４位・仮数部甲,１人浮きのウマを設定します(十の位),0,1,2,3,4,5,6,7,8,9,-9,-8,-7,-6,-5,-4,-3,-2,-1,-0
87,5,26,,,,,,point_basis_a4_mantissa_ones,Ａ４位・仮数部乙,１人浮きのウマを設定します(一の位),0,1,2,3,4,5,6,7,8,9,,,,,,,,,,
88,5,26,,,,,,point_basis_a4_exponent,Ａ４位・指数部,１人浮きのウマを設定します(単位),exp_00,exp_01,exp_02,exp_03,exp_04,exp_05,exp_06,exp_07,exp_08,exp_09,exp_10,exp_11,exp_12,exp_13,exp_14,exp_15,,,,
90,31,0,,,,,,point_basis_b2_mantissa_tens,Ｂ２位・仮数部甲,２人浮きのウマを設定します(十の位),0,1,2,3,4,5,6,7,8,9,-9,-8,-7,-6,-5,-4,-3,-2,-1,-0
91,31,0,,,,,,point_basis_b2_mantissa_ones,Ｂ２位・仮数部乙,２人浮きのウマを設定します(一の位),0,1,2,3,4,5,6,7,8,9,,,,,,,,,,
92,31,0,,,,,,point_basis_b2_exponent,Ｂ２位・指数部,２人浮きのウマを設定します(単位),exp_00,exp_01,exp_02,exp_03,exp_04,exp_05,exp_06,exp_07,exp_08,exp_09,exp_10,exp_11,exp_12,exp_13,exp_14,exp_15,,,,
93,31,0,,,,,,point_basis_b3_mantissa_tens,Ｂ３位・仮数部甲,２人浮きのウマを設定します(十の位),0,1,2,3,4,5,6,7,8,9,-9,-8,-7,-6,-5,-4,-3,-2,-1,-0
94,31,0,,,,,,point_basis_b3_mantissa_ones,Ｂ３位・仮数部乙,２人浮きのウマを設定します(一の位),0,1,2,3,4,5,6,7,8,9,,,,,,,,,,
95,31,0,,,,,,point_basis_b3_exponent,Ｂ３位・指数部,２人浮きのウマを設定します(単位),exp_00,exp_01,exp_02,exp_03,exp_04,exp_05,exp_06,exp_07,exp_08,exp_09,exp_10,exp_11,exp_12,exp_13,exp_14,exp_15,,,,
96,5,26,,,,,,point_basis_b4_mantissa_tens,Ｂ４位・仮数部甲,２人浮きのウマを設定します(十の位),0,1,2,3,4,5,6,7,8,9,-9,-8,-7,-6,-5,-4,-3,-2,-1,-0
97,5,26,,,,,,point_basis_b4_mantissa_ones,Ｂ４位・仮数部乙,２人浮きのウマを設定します(一の位),0,1,2,3,4,5,6,7,8,9,,,,,,,,,,
98,5,26,,,,,,point_basis_b4_exponent,Ｂ４位・指数部,２人浮きのウマを設定します(単位),exp_00,exp_01,exp_02,exp_03,exp_04,exp_05,exp_06,exp_07,exp_08,exp_09,exp_10,exp_11,exp_12,exp_13,exp_14,exp_15,,,,
100,5,26,,,,,,point_basis_c2_mantissa_tens,Ｃ２位・仮数部甲,３人浮きのウマを設定します(十の位),0,1,2,3,4,5,6,7,8,9,-9,-8,-7,-6,-5,-4,-3,-2,-1,-0
101,5,26,,,,,,point_basis_c2_mantissa_ones,Ｃ２位・仮数部乙,３人浮きのウマを設定します(一の位),0,1,2,3,4,5,6,7,8,9,,,,,,,,,,
102,5,26,,,,,,point_basis_c2_exponent,Ｃ２位・指数部,３人浮きのウマを設定します(単位),exp_00,exp_01,exp_02,exp_03,exp_04,exp_05,exp_06,exp_07,exp_08,exp_09,exp_10,exp_11,exp_12,exp_13,exp_14,exp_15,,,,
103,5,26,,,,,,point_basis_c3_mantissa_tens,Ｃ３位・仮数部甲,３人浮きのウマを設定します(十の位),0,1,2,3,4,5,6,7,8,9,-9,-8,-7,-6,-5,-4,-3,-2,-1,-0
104,5,26,,,,,,point_basis_c3_mantissa_ones,Ｃ３位・仮数部乙,３人浮きのウマを設定します(一の位),0,1,2,3,4,5,6,7,8,9,,,,,,,,,,
105,5,26,,,,,,point_basis_c3_exponent,Ｃ３位・指数部,３人浮きのウマを設定します(単位),exp_00,exp_01,exp_02,exp_03,exp_04,exp_05,exp_06,exp_07,exp_08,exp_09,exp_10,exp_11,exp_12,exp_13,exp_14,exp_15,,,,
106,5,26,,,,,,point_basis_c4_mantissa_tens,Ｃ４位・仮数部甲,３人浮きのウマを設定します(十の位),0,1,2,3,4,5,6,7,8,9,-9,-8,-7,-6,-5,-4,-3,-2,-1,-0
107,5,26,,,,,,point_basis_c4_mantissa_ones,Ｃ４位・仮数部乙,３人浮きのウマを設定します(一の位),0,1,2,3,4,5,6,7,8,9,,,,,,,,,,
108,5,26,,,,,,point_basis_c4_exponent,Ｃ４位・指数部,３人浮きのウマを設定します(単位),exp_00,exp_01,exp_02,exp_03,exp_04,exp_05,exp_06,exp_07,exp_08,exp_09,exp_10,exp_11,exp_12,exp_13,exp_14,exp_15,,,,
110,31,0,,,,,,point_basis_d2_mantissa_tens,Ｄ２位・仮数部甲,全員沈み・全員浮きのウマを設定します(十の位),0,1,2,3,4,5,6,7,8,9,-9,-8,-7,-6,-5,-4,-3,-2,-1,-0
111,31,0,,,,,,point_basis_d2_mantissa_ones,Ｄ２位・仮数部乙,全員沈み・全員浮きのウマを設定します(一の位),0,1,2,3,4,5,6,7,8,9,,,,,,,,,,
112,31,0,,,,,,point_basis_d2_exponent,Ｄ２位・指数部,全員沈み・全員浮きのウマを設定します(単位),exp_00,exp_01,exp_02,exp_03,exp_04,exp_05,exp_06,exp_07,exp_08,exp_09,exp_10,exp_11,exp_12,exp_13,exp_14,exp_15,,,,
113,31,0,,,,,,point_basis_d3_mantissa_tens,Ｄ３位・仮数部甲,全員沈み・全員浮きのウマを設定します(十の位),0,1,2,3,4,5,6,7,8,9,-9,-8,-7,-6,-5,-4,-3,-2,-1,-0
114,31,0,,,,,,point_basis_d3_mantissa_ones,Ｄ３位・仮数部乙,全員沈み・全員浮きのウマを設定します(一の位),0,1,2,3,4,5,6,7,8,9,,,,,,,,,,
115,31,0,,,,,,point_basis_d3_exponent,Ｄ３位・指数部,全員沈み・全員浮きのウマを設定します(単位),exp_00,exp_01,exp_02,exp_03,exp_04,exp_05,exp_06,exp_07,exp_08,exp_09,exp_10,exp_11,exp_12,exp_13,exp_14,exp_15,,,,
116,5,26,,,,,,point_basis_d4_mantissa_tens,Ｄ４位・仮数部甲,全員沈み・全員浮きのウマを設定します(十の位),0,1,2,3,4,5,6,7,8,9,-9,-8,-7,-6,-5,-4,-3,-2,-1,-0
117,5,26,,,,,,point_basis_d4_mantissa_ones,Ｄ４位・仮数部乙,全員沈み・全員浮きのウマを設定します(一の位),0,1,2,3,4,5,6,7,8,9,,,,,,,,,,
118,5,26,,,,,,point_basis_d4_exponent,Ｄ４位・指数部,全員沈み・全員浮きのウマを設定します(単位),exp_00,exp_01,exp_02,exp_03,exp_04,exp_05,exp_06,exp_07,exp_08,exp_09,exp_10,exp_11,exp_12,exp_13,exp_14,exp_15,,,,
120,31,0,,ドラとインフレルール設定,,,,dora_indicator,ドラ表示牌,ドラ表示牌の意味を設定します,dora_next_kind,dora_indicator_itself,dora_around_indicator,,,,,,,,,,,,,,,,,
121,31,0,,,,,,uradora,裏ドラ,裏ドラの有無を設定します,yes,no,,,,,,,,,,,,,,,,,,
122,31,0,,,,,,kandora,槓ドラ,槓ドラの有無を設定します,yes,no,yes_but_only_omote,,,,,,,,,,,,,,,,,
123,31,0,,,,,,red_one,赤一,赤ドラ(１の牌)の有無を設定します,no,circle_suit,bamboo_suit,circle_bamboo_suit,character_suit,character_circle_suit,character_bamboo_suit,all_three_suits,,,,,,,,,,,,
124,9,0,,,,,,red_two,赤二,赤ドラ(２の牌)の有無を設定します,no,circle_suit,bamboo_suit,circle_bamboo_suit,character_suit,character_circle_suit,character_bamboo_suit,all_three_suits,,,,,,,,,,,,
124,6,0,,,,,,red_two,赤二,赤ドラ(２の牌)の有無を設定します,no,circle_suit,bamboo_suit,circle_bamboo_suit,,,,,,,,,,,,,,,,
124,16,0,,,,,,red_two,赤二,赤ドラ(２の牌)の有無を設定します,no,circle_suit,>>>,>>>,character_suit,character_circle_suit,,,,,,,,,,,,,,
125,9,0,,,,,,red_three,赤三,赤ドラ(３の牌)の有無を設定します,no,circle_suit,bamboo_suit,circle_bamboo_suit,character_suit,character_circle_suit,character_bamboo_suit,all_three_suits,,,,,,,,,,,,
125,6,0,,,,,,red_three,赤三,赤ドラ(３の牌)の有無を設定します,no,circle_suit,bamboo_suit,circle_bamboo_suit,,,,,,,,,,,,,,,,
125,16,0,,,,,,red_three,赤三,赤ドラ(３の牌)の有無を設定します,no,circle_suit,>>>,>>>,character_suit,character_circle_suit,,,,,,,,,,,,,,
126,9,0,,,,,,red_four,赤四,赤ドラ(４の牌)の有無を設定します,no,circle_suit,bamboo_suit,circle_bamboo_suit,character_suit,character_circle_suit,character_bamboo_suit,all_three_suits,,,,,,,,,,,,
126,6,0,,,,,,red_four,赤四,赤ドラ(４の牌)の有無を設定します,no,circle_suit,bamboo_suit,circle_bamboo_suit,,,,,,,,,,,,,,,,
126,16,0,,,,,,red_four,赤四,赤ドラ(４の牌)の有無を設定します,no,circle_suit,>>>,>>>,character_suit,character_circle_suit,,,,,,,,,,,,,,
127,9,0,,,,,,red_five,赤五,赤ドラの有無を設定します,3tiles,4tiles,6tiles,2_circle_tiles,>>>,>>>,>>>,>>>,no,circle_suit,bamboo_suit,circle_bamboo_suit,character_suit,character_circle_suit,character_bamboo_suit,,,,,
127,6,0,,,,,,red_five,赤五,赤ドラの有無を設定します,2tiles,>>>,4tiles,2_circle_tiles,>>>,>>>,>>>,>>>,no,circle_suit,bamboo_suit,,,,,,,,,
127,16,0,,,,,,red_five,赤五,赤ドラの有無を設定します,2tiles,>>>,4tiles,2_circle_tiles,>>>,>>>,>>>,>>>,no,circle_suit,bamboo_suit,,,,,,,,,
128,9,0,,,,,,red_six,赤六,赤ドラ(６の牌)の有無を設定します,no,circle_suit,bamboo_suit,circle_bamboo_suit,character_suit,character_circle_suit,character_bamboo_suit,all_three_suits,,,,,,,,,,,,
128,6,0,,,,,,red_six,赤六,赤ドラ(６の牌)の有無を設定します,no,circle_suit,bamboo_suit,circle_bamboo_suit,,,,,,,,,,,,,,,,
128,16,0,,,,,,red_six,赤六,赤ドラ(６の牌)の有無を設定します,no,circle_suit,>>>,>>>,character_suit,character_circle_suit,,,,,,,,,,,,,,
129,9,0,,,,,,red_seven,赤七,赤ドラ(７の牌)の有無を設定します,no,circle_suit,bamboo_suit,circle_bamboo_suit,character_suit,character_circle_suit,character_bamboo_suit,all_three_suits,,,,,,,,,,,,
129,6,0,,,,,,red_seven,赤七,赤ドラ(７の牌)の有無を設定します,no,circle_suit,bamboo_suit,circle_bamboo_suit,,,,,,,,,,,,,,,,
129,16,0,,,,,,red_seven,赤七,赤ドラ(７の牌)の有無を設定します,no,circle_suit,>>>,>>>,character_suit,character_circle_suit,,,,,,,,,,,,,,
130,9,0,,,,,,red_eight,赤八,赤ドラ(８の牌)の有無を設定します,no,circle_suit,bamboo_suit,circle_bamboo_suit,character_suit,character_circle_suit,character_bamboo_suit,all_three_suits,,,,,,,,,,,,
130,6,0,,,,,,red_eight,赤八,赤ドラ(８の牌)の有無を設定します,no,circle_suit,bamboo_suit,circle_bamboo_suit,,,,,,,,,,,,,,,,
130,16,0,,,,,,red_eight,赤八,赤ドラ(８の牌)の有無を設定します,no,circle_suit,>>>,>>>,character_suit,character_circle_suit,,,,,,,,,,,,,,
131,31,0,,,,,,red_nine,赤九,赤ドラ(９の牌)の有無を設定します,no,circle_suit,bamboo_suit,circle_bamboo_suit,character_suit,character_circle_suit,character_bamboo_suit,all_three_suits,,,,,,,,,,,,
132,23,8,,,,,,red_west,赤西,赤ドラ(西風牌)の有無を設定します,no,1tile,,,,,,,,,,,,,,,,,,
133,23,8,,,,,,red_north,赤北,赤ドラ(北風牌)の有無を設定します,no,1tile,2tiles,3tiles,4tiles,,,,,,,,,,,,,,,
134,23,8,,,,,,haku_potchi,白ポッチ,白ポッチの有無と意味を設定します,no,1tile_dora,,,,,,,,,,,,,,,,,,
135,31,0,"chk('blue_one', 'no') and chk('blue_five', 'no') and chk('blue_nine', 'no') and chk('blue_lvfa', 'no')",,,,,blue_tiles,青ドラ,青ドラの価値を設定します,1han,2han,-1han,0han,,,,,,,,,,,,,,,,
136,31,0,,,,,,blue_one,青一,青ドラ(１の牌)の有無を設定します,no,circle_suit,bamboo_suit,circle_bamboo_suit,character_suit,character_circle_suit,character_bamboo_suit,all_three_suits,,,,,,,,,,,,
137,9,0,,,,,,blue_five,青五,青ドラ(５の牌)の有無を設定します,no,circle_suit,bamboo_suit,circle_bamboo_suit,character_suit,character_circle_suit,character_bamboo_suit,all_three_suits,,,,,,,,,,,,
137,6,0,,,,,,blue_five,青五,青ドラ(５の牌)の有無を設定します,no,circle_suit,bamboo_suit,circle_bamboo_suit,,,,,,,,,,,,,,,,
137,16,0,,,,,,blue_five,青五,青ドラ(５の牌)の有無を設定します,no,circle_suit,>>>,>>>,character_suit,character_circle_suit,,,,,,,,,,,,,,
138,31,0,,,,,,blue_nine,青九,青ドラ(９の牌)の有無を設定します,no,circle_suit,bamboo_suit,circle_bamboo_suit,character_suit,character_circle_suit,character_bamboo_suit,all_three_suits,,,,,,,,,,,,
139,23,8,,,,,,blue_lvfa,青発,青ドラ(発)の有無を設定します,no,yes,,,,,,,,,,,,,,,,,,
140,31,0,,,,,,alice,アリス,門前和了りの時に牌をめくって得られる祝儀を設定します,no,yes,,,,,,,,,,,,,,,,,,
141,1,8,,,,,,flower_tiles,花牌,花牌の有無を設定します,no,seasons,flowers,8tiles,,,,,,,,,,,,,,,,
141,22,8,,,,,,flower_tiles,抜きドラ,抜きドラの有無を設定します,no,four_norths,,,,,,,,,,,,,,,,,,
142,31,0,,,,,,chip,チップ,チップは一発、裏、赤(門前のみ)、アリス、役満につきます,no,chip_rate_500,chip_rate_1000,chip_rate_2000,chip_rate_3000,chip_rate_5000,chip_rate_10000,,,,,,,,,,,,,
143,31,0,"chk('chip', 'no')",,,,,limithand_bonus,役満祝儀,役満を和了った時にもらえるチップの数を設定します,chip5,chip10,chip_tsumo2each_ron3,chip_tsumo4each_ron4,chip_tsumo4each_ron8,chip_tsumo5each_ron10,chip_2_each,chip_6_each,,,,,,,,,,,,
144,31,0,"chk('chip', 'no') or (chk('red_one', 'no') and chk('red_two', 'no') and chk('red_three', 'no') and chk('red_four', 'no') and chk('red_five', 'no') and chk('red_six', 'no') and chk('red_seven', 'no') and chk('red_eight', 'no') and chk('red_nine', 'no') and chk('red_west', 'no') and chk('red_north', 'no'))",,,,,redtile_chip,赤牌祝儀,赤牌に対するチップの有無を設定します,menzen_only,riichi_only,always,menzen_only_non_dora,riichi_only_non_dora,always_but_non_dora,,,,,,,,,,,,,,
145,31,0,"chk('chip', 'no') or (chk('blue_one', 'no') and chk('blue_five', 'no') and chk('blue_nine', 'no') and chk('blue_lvfa', 'no'))",,,,,blue_chip,青牌祝儀,青牌に対するチップの有無を設定します,menzen_only,riichi_only,always,no,,,,,,,,,,,,,,,,
146,31,0,,,,,,wareme,割れ目,開門位置の倍付けの有無を設定します,no,yes,greater_wareme,,,,,,,,,,,,,,,,,
147,31,0,,,,,,doukasen,導火線,ツモ牌位置の倍付けの有無を設定します,no,yes,,,,,,,,,,,,,,,,,,
148,31,0,,,,,,dora_twice,ドラドラ卓,最初からドラを２枚めくるかを設定します,no,yes,only_when_doublets,,,,,,,,,,,,,,,,,
149,15,16,,,,,,nagatacho,永田町ルール,サイコロで決まるドラと七索の常設ドラを設定します,no,yes,,,,,,,,,,,,,,,,,,
150,31,0,,,,,,limitless,青天井計算,点数計算に満貫などの際限を設けず計算するかを設定します,no,yakuman_considered_2500000,yakuman_considered_13han,,,,,,,,,,,,,,,,,
160,31,0,,基本の役設定,,,,kuitan,喰い断,門前でない断幺九を許容するかを設定します,yes,no,yes_but_unbound,,,,,,,,,,,,,,,,,
161,31,0,,,,,,tsumo_pinfu,自摸平和,平和と門前清自摸和の複合の有無を設定します,yes,no,,,,,,,,,,,,,,,,,,
162,23,8,,,,,,seven_honor_pairs,字一色七対子,字牌だけの七対子を設定します,yes,no,double_yakuman,,,,,,,,,,,,,,,,,
163,7,16,,,,,,dragonless_all_green,発無し緑一色,発を使わなくても緑一色となるかを設定します,yes,no,double_yakuman,,,,,,,,,,,,,,,,,
163,8,16,,,,,,dragonless_all_green,緑一色,緑一色の飜数を設定します,yakuman,>>>,double_yakuman,,,,,,,,,,,,,,,,,
164,23,8,,,,,,menzen_daisangen,門前大三元,大三元を門前で和了った時の飜数を設定します,yakuman,double_yakuman,,,,,,,,,,,,,,,,,,
165,31,0,,,,,,riichi_ippatsu,立直一発,立直一発の有無を設定します,yes,no,yes_but_unbound,chip_only,,,,,,,,,,,,,,,,
166,31,0,,,,,,seven_pairs,七対子,七対子の飜数を設定します,2han_25fu,1han_50fu,,,,,,,,,,,,,,,,,,
167,31,0,,,,,,sanshoku_doukoh,三色同刻,三色同刻の飜数を設定します,2han,3han,,,,,,,,,,,,,,,,,,
168,31,0,,,,,,sankantsu,三槓子,三槓子の飜数を設定します,2han,3han,yakuman,,,,,,,,,,,,,,,,,
169,31,0,,,,,,ryanpeikou,二盃口,二盃口の飜数を設定します,3han_menzen,2han_menzen,,,,,,,,,,,,,,,,,,
170,23,8,,,,,,honroutou,混老頭,混老頭の飜数を設定します,2han,3han,,,,,,,,,,,,,,,,,,
171,31,0,,,,,,chiniisoh,清一色,清一色の飜数を設定します,6han_kuisagari,4han_kuisagari,,,,,,,,,,,,,,,,,,
172,31,0,,,,,,suukantsu,四槓子,四槓子の飜数と包の有無を設定します,yakuman,double_yakuman,yakuman_with_pao,double_yakuman_with_pao,,,,,,,,,,,,,,,,
173,31,0,,,,,,tenhoh,天和,天和の飜数を設定します,yakuman,double_yakuman,,,,,,,,,,,,,,,,,,
174,31,0,,,,,,exposed_pinfu,喰い平,鳴いた平和形の符を設定します,30fu,20fu,1han_30fu_unbound,1han_20fu_unbound,1han_30fu,1han_20fu,,,,,,,,,,,,,,
175,31,0,,,,,,open_riichi,オープン立直,オープン立直の有無を設定します,no,yes,,,,,,,,,,,,,,,,,,
176,31,0,,,,,,daisharin,大車輪,大車輪の有無と価値を設定します(2～8の純正のみ),no,yakuman_menzen,double_yakuman_menzen,,,,,,,,,,,,,,,,,
177,31,0,,,,,,sanrenkoh,三連刻,三連刻の有無と価値を設定します,no,2han,3han,,,,,,,,,,,,,,,,,
178,31,0,,,,,,suurenkoh,四連刻,四連刻の有無と価値を設定します,no,yakuman,8han_incl_toitoi,,,,,,,,,,,,,,,,,
179,31,0,,,,,,isshoku_sanjun,一色三順,一色三順の有無と価値を設定します,no,2han_menzen,2han_kuisagari,3han_menzen,3han_kuisagari,,,,,,,,,,,,,,,
180,31,0,,,,,,isshoku_suujun,一色四順,一色四順の有無と価値を設定します,no,yakuman,,,,,,,,,,,,,,,,,,
181,31,0,,,,,,renhoh,人和,人和の有無と価値を設定します,no,yakuman,baiman,mangan,,,,,,,,,,,,,,,,
182,23,8,,,,,,shiisan_puutaa,十三不塔,十三不塔の有無と価値を設定します,no,yakuman,mangan,,,,,,,,,,,,,,,,,
183,31,0,,,,,,paarenchan,八連荘,八連荘の有無と価値を設定します,no,yakuman_unbound,yakuman,,,,,,,,,,,,,,,,,
184,31,0,,,,,,nagashi_mangan,流し満貫,流し満貫の有無と価値を設定します,mangan,haneman,baiman,yakuman,no,,,,,,,,,,,,,,,
185,23,8,,,,,,exposed_yakuhai,明刻役牌,役牌が明刻でも役がつくかどうかを指定します,yes,no,,,,,,,,,,,,,,,,,,
200,31,0,,順子役の設定①,,,,chinpeikou,清盃口,清盃口の有無と価値を設定します(同じ数字で二盃口),no,6han,5han,4han,,,,,,,,,,,,,,,,
201,31,0,,,,,,exposed_ryanpeikou,鳴き二盃口,鳴き二盃口の有無と価値を設定します,no,2han,,,,,,,,,,,,,,,,,,
202,31,0,,,,,,ohkagami,大鏡,大鏡の有無と価値を設定します(一筒雀頭の二盃口：付加役),no,1han,,,,,,,,,,,,,,,,,,
203,31,0,,,,,,biwakonoyousei,琵琶湖の妖精,琵琶湖の妖精の有無と価値を設定します(123の二盃口：付加役),no,1han_menzen,,,,,,,,,,,,,,,,,,
204,31,0,,,,,,qinghaihu,清海湖,清海湖の有無と価値を設定します(清一色・純全帯幺九・二盃口の複合),no,yakuman,,,,,,,,,,,,,,,,,,
205,31,0,,,,,,kyantonhoh,鏡同和,鏡同和の有無と価値を設定します(２色それぞれで同じ数字の順子２組),no,2han_menzen,2han_kuisagari,,,,,,,,,,,,,,,,,
206,31,0,,,,,,kofuku_gekijoh,鼓腹撃壌,鼓腹撃壌の有無と価値を設定します(平和を一筒で和了),no,2han,,,,,,,,,,,,,,,,,,
207,23,8,,,,,,pei4jun_isshoku_suujun,北四巡(一色四順),北四巡の有無と価値を設定します(北雀頭の一色四順),no,double_yakuman,,,,,,,,,,,,,,,,,,
208,31,0,,,,,,okasanjun,三歩高,三歩高の有無と価値を設定します(同色で構成する数字が一つずつ異なる３つの順子),no,1han,1han_menzen,2han_kuisagari,,,,,,,,,,,,,,,,
209,31,0,,,,,,okasuujun,四歩高,四歩高の有無と価値を設定します(同色で構成する数字が一つずつ異なる４つの順子),no,yakuman,double_yakuman,,,,,,,,,,,,,,,,,
210,31,0,,,,,,yamasanjun,清連環套,清連環套の有無と価値を設定します(同色で構成する数字が二つずつ異なる３つの順子),no,1han,1han_menzen,2han_kuisagari,,,,,,,,,,,,,,,,
211,31,0,,,,,,golden_gate_bridge,金門橋,金門橋の有無と価値を設定します(同色で123345567789の形),no,yakuman,,,,,,,,,,,,,,,,,,
212,31,0,,,,,,naruto_bridge,鳴門大橋,鳴門大橋の有無と価値を設定します(1筒雀頭の金門橋),no,double_yakuman,,,,,,,,,,,,,,,,,,
213,31,0,,,,,,nishoku_okasanjun,二色三歩高,二色三歩高の有無と価値を設定します(二色で構成する数字が一つずつ異なる３つの順子),no,1han_menzen,,,,,,,,,,,,,,,,,,
214,31,0,,,,,,nishoku_okasuujun,二色四歩高,二色四歩高の有無と価値を設定します(二色で構成する数字が一つずつ異なる４の順子),no,3han_kuisagari,,,,,,,,,,,,,,,,,,
215,31,0,,,,,,nishoku_yamasanjun,雑連環套,雑連環套の有無と価値を設定します(二色で構成する数字が二つずつ異なる３つの順子),no,2han_kuisagari,,,,,,,,,,,,,,,,,,
216,31,0,,,,,,nishoku_yamasuujun,大雑連套,大雑連套の有無と価値を設定します(二色で構成する数字が二つずつ異なる４つの順子),no,6han_kuisagari,yakuman,,,,,,,,,,,,,,,,,
217,9,22,,,,,,sanshoku_okasanjun,三色三歩高,三色三歩高の有無と価値を設定します(三色で構成する数字が一つずつ異なる３つの順子),no,1han,1han_menzen,2han_kuisagari,,,,,,,,,,,,,,,,
218,9,22,,,,,,sanshoku_okasuujun,三色四歩高,三色四歩高の有無と価値を設定します(三色で構成する数字が一つずつ異なる４つの順子),no,3han_kuisagari,,,,,,,,,,,,,,,,,,
219,9,22,,,,,,sanshoku_yamasanjun,混連環套,混連環套の有無と価値を設定します(三色で構成する数字が二つずつ異なる３つの順子),no,1han,1han_menzen,2han_kuisagari,,,,,,,,,,,,,,,,
220,9,22,,,,,,sanshoku_yamasuujun,大混連套,大混連套の有無と価値を設定します(三色で構成する数字が二つずつ異なる４つの順子),no,6han_kuisagari,yakuman,,,,,,,,,,,,,,,,,
221,9,22,,,,,,shanron_chonchuu,双龍争珠(連六),双龍争珠の有無と価値を設定します(萬子と索子で6つ続きで同じ数字の順子、筒子の雀頭),no,yakuman,,,,,,,,,,,,,,,,,,
222,9,22,,,,,,shanron_chonchu_lsf,双龍争珠(老少副),双龍争珠の有無と価値を設定します(萬子と索子で123789の形、五筒の雀頭),no,yakuman,,,,,,,,,,,,,,,,,,
223,9,22,,,,,,shanron_shankui,双龍双亀,双龍双亀の有無と価値を設定します(萬子と筒子で123789の形、三索の雀頭),no,4han,,,,,,,,,,,,,,,,,,
224,9,22,,,,,,sanshoku_souryuu,三色双龍会,三色双龍会の有無と価値を設定します(二色で123789の形、残りの一色の５の雀頭),no,2han_kuisagari,6han_kuisagari,6han,yakuman,,,,,,,,,,,,,,,
225,31,0,,,,,,isshoku_souryuu,一色双龍会,一色双龍会の有無と価値を設定します(一色で11223355778899の形),no,yakuman,yakuman_menzen,,,,,,,,,,,,,,,,,
226,25,6,,,,,,shanron_shiifon,双龍戯鳳,双龍戯鳳の有無と価値を設定します(萬子と筒子で123789の形、一索の雀頭),no,4han,,,,,,,,,,,,,,,,,,
227,9,22,,,,,,shanron_paochuu,双龍包柱,双龍包柱の有無と価値を設定します(萬子と筒子で123789の形、二索・四索・六索のどれかの雀頭),no,4han,,,,,,,,,,,,,,,,,,
228,9,22,,,,,,shanron_shiikui,双龍戯亀,双龍戯亀の有無と価値を設定します(萬子と筒子で123789の形、七索の雀頭),no,4han,,,,,,,,,,,,,,,,,,
229,15,16,,,,,,shanron_touja,双龍闘蛇,双龍闘蛇の有無と価値を設定します(筒子と索子で123789の形、一萬の雀頭),no,4han,,,,,,,,,,,,,,,,,,
230,31,0,,,,,,uushintonkan,五心通貫,五心通貫の有無と価値を設定します(５の嵌張待ちで一気通貫：付加役),no,1han,,,,,,,,,,,,,,,,,,
231,23,0,,,,,,ittsuu_chanta,一気通貫全帯幺九,一気通貫全帯幺九の有無と価値を設定します(一気通貫以外の１面子と雀頭がチャンタor純チャンになっている),no,hon3han_jun4han_kuisagari,,,,,,,,,,,,,,,,,,
231,8,0,,,,,,ittsuu_chanta,一気通貫全帯幺九,一気通貫全帯幺九の有無と価値を設定します(一気通貫以外の１面子と雀頭がチャンタor純チャンになっている),no,4han_kuisagari,,,,,,,,,,,,,,,,,,
232,23,8,,,,,,tohoku_shinkansen,東北新幹線,東北新幹線の有無と価値を設定します(東と北と一気通貫),no,yakuman,yakuman_menzen,,,,,,,,,,,,,,,,,
233,23,8,,,,,,joetsu_asahi,上越新幹線あさひ,上越新幹線あさひの有無と価値を設定します(白と北のある一気通貫),no,yakuman,,,,,,,,,,,,,,,,,,
234,23,8,,,,,,joetsu_toki,上越新幹線とき,上越新幹線ときの有無と価値を設定します(北のある混一色一気通貫:付加役),no,2han,,,,,,,,,,,,,,,,,,
235,23,8,,,,,,hokkaido_shinkansen,北海道新幹線,北海道新幹線の有無と価値を設定します(白を暗槓、北を雀頭にした一気通貫),no,yakuman,,,,,,,,,,,,,,,,,,
236,23,8,,,,,,akita_shinkansen,秋田新幹線,秋田新幹線の有無と価値を設定します(北の刻子がある5待ちの混一色一気通貫),no,yakuman,,,,,,,,,,,,,,,,,,
237,23,8,,,,,,tokaido_shinkansen_double,東海道新幹線二階建,東海道新幹線二階建(東の雀頭、一気通貫、234の順子からなる混一色),no,yakuman,,,,,,,,,,,,,,,,,,
238,31,0,,,,,,gaisenmon,凱旋門,凱旋門の有無と価値を設定します(清一色で六連二組と７の雀頭),no,yakuman,double_yakuman,,,,,,,,,,,,,,,,,
239,31,0,,,,,,choujou,長城,長城の有無と価値を設定します(清一色で一気通貫と１順子と２か５か８の雀頭),no,yakuman,,,,,,,,,,,,,,,,,,
240,31,0,,順子役の設定②,,,,qinglong_zaitian,青龍在天,青龍在天の有無と価値を設定します(門前で清一色・一気通貫・一盃口の複合),no,yakuman_menzen,,,,,,,,,,,,,,,,,,
241,23,8,,,,,,longxizhu,龍戯珠,龍戯珠の有無と価値を設定します(一気通貫、西の刻子、一筒の雀頭：付加役),no,2han,,,,,,,,,,,,,,,,,,
242,23,8,,,,,,jinlong_dou_beidou,金龍戯北斗,金龍戯北斗の有無と価値を設定します(一気通貫と七筒の刻子と北の雀頭：付加役),no,2han,,,,,,,,,,,,,,,,,,
243,31,0,,,,,,route_246,ルート２４６,ルート２４６の有無と価値を設定します(２、４、６のいずれかの待ちで一気通貫),no,3han,,,,,,,,,,,,,,,,,,
244,1,30,,,,,,gaulungsing_lokdei,九龍城落地,九龍城落地の有無と価値を設定します(一気通貫の3順子を全てチー、付加役),no,2han,,,,,,,,,,,,,,,,,,
245,23,8,,,,,,goldrush,ゴールドラッシュ,ゴールドラッシュの有無と価値を設定します(発がある筒子の混一色一気通貫),no,2han,2han_require_west,yakuman,yakuman_require_west,,,,,,,,,,,,,,,
246,7,24,,,,,,five_claw_dragon,五爪の龍,五爪の龍の有無と価値を設定します(索子一通、５索と中のシャボ待ちを５索で和了る),no,yakuman,,,,,,,,,,,,,,,,,,
247,15,16,,,,,,ryukyu_four_claw_dragon,琉球四爪龍,琉球四爪龍の有無と価値を設定します(索子一通・４索と９索のシャボ待ちを４索で和了る),no,yakuman,,,,,,,,,,,,,,,,,,
248,23,8,,,,,,southern_stars,南天全星,南天全星の有無と価値を設定します(筒子一通・南刻子・３筒雀頭),no,yakuman_menzen,,,,,,,,,,,,,,,,,,
249,1,30,,,,,,shuangfeng_zhayun,双峰挿雲,双峰挿雲の有無と価値を設定します(萬子の一気通貫、東と八索で刻子と雀頭：付加役),no,2han_kuisagari,,,,,,,,,,,,,,,,,,
250,23,8,,,,,,nanbing_wanzhong,南屏晩鍾,南屏晩鍾の有無と価値を設定します(筒子の一気通貫、南と中で刻子と雀頭：付加役),no,2han_kuisagari,,,,,,,,,,,,,,,,,,
251,7,24,,,,,,leifeng_xizhao,雷峰夕照,雷峰夕照の有無と価値を設定します(索子の一気通貫、西と八筒で刻子と雀頭：付加役),no,2han_kuisagari,,,,,,,,,,,,,,,,,,
252,17,14,,,,,,liulang_wenying,柳浪聞鶯,柳浪聞鶯の有無と価値を設定します(筒子の一気通貫、北と八萬で刻子と雀頭：付加役),no,2han_kuisagari,,,,,,,,,,,,,,,,,,
253,1,30,,,,,,duanqiao_canxue,断橋残雪,断橋残雪の有無と価値を設定します(萬子の一気通貫、白と二索で刻子と雀頭：付加役),no,2han_kuisagari,,,,,,,,,,,,,,,,,,
254,17,14,,,,,,sudi_chunxiao,蘇堤春暁,蘇堤春暁の有無と価値を設定します(筒子の一気通貫、発と二萬で刻子と雀頭：付加役),no,2han_kuisagari,,,,,,,,,,,,,,,,,,
255,7,24,,,,,,huagang_guanyu,花港観魚,花港観魚の有無と価値を設定します(索子の一気通貫、中と二筒で刻子と雀頭：付加役),no,2han_kuisagari,,,,,,,,,,,,,,,,,,
256,17,14,,,,,,santan_yinyue,三譚印月,三譚印月の有無と価値を設定します(萬子の一気通貫、白と一萬で刻子と雀頭：付加役),no,2han_kuisagari,,,,,,,,,,,,,,,,,,
257,23,8,,,,,,quyuan_fenghe,曲院風荷,曲院風荷の有無と価値を設定します(筒子の一気通貫、発と一筒で刻子と雀頭：付加役),no,2han_kuisagari,,,,,,,,,,,,,,,,,,
258,7,24,,,,,,pinghu_qiuyue,平湖秋月,平湖秋月の有無と価値を設定します(索子の一気通貫、中と一索で刻子と雀頭：付加役),no,2han_kuisagari,,,,,,,,,,,,,,,,,,
259,9,22,,,,,,hualong,三色通貫,三色通貫の有無と価値を設定します(123、456、789を三色で作る),no,2han_kuisagari,,,,,,,,,,,,,,,,,,
260,9,22,"chk('hualong', 'no')",,,,,tanron,単龍,単竜の有無と価値を設定します(白発以外の門前単騎待ちで三色通貫),no,6han,,,,,,,,,,,,,,,,,,
261,1,22,,,,,,hualong_chanta,三色通貫全帯幺九,三色通貫全帯幺九の有無と価値を設定します(三色通貫以外の１面子と雀頭がチャンタor純チャンになっている),no,hon3han_jun4han_kuisagari,,,,,,,,,,,,,,,,,,
261,8,22,,,,,,hualong_chanta,三色通貫全帯幺九,三色通貫全帯幺九の有無と価値を設定します(三色通貫以外の１面子と雀頭がチャンタor純チャンになっている),no,4han_kuisagari,,,,,,,,,,,,,,,,,,
262,1,30,,,,,,chii_sankan,吃三嵌,吃三嵌の有無と価値を設定します(嵌塔子を３つチー),no,1han,,,,,,,,,,,,,,,,,,
263,1,30,,,,,,chii_sanpen,吃三辺,吃三辺の有無と価値を設定します(辺塔子を３つチー),no,1han,,,,,,,,,,,,,,,,,,
264,1,30,,,,,,chii_shaoshun,吃小順,吃小順の有無と価値を設定します(両面塔子を数字の小さい方で３つチー),no,1han,,,,,,,,,,,,,,,,,,
265,1,30,,,,,,chii_taashun,吃大順,吃大順の有無と価値を設定します(両面塔子を数字の大きい方で３つチー),no,1han,,,,,,,,,,,,,,,,,,
266,1,30,,,,,,chii_suukan,吃四嵌,吃四嵌の有無と価値を設定します(嵌塔子を４つチー),no,2han,,,,,,,,,,,,,,,,,,
267,1,30,,,,,,chii_suupen,吃四辺,吃四辺の有無と価値を設定します(辺塔子を４つチー),no,2han,,,,,,,,,,,,,,,,,,
268,1,30,,,,,,chii_shaosuushun,吃小四順,吃小四順の有無と価値を設定します(両面塔子を数字の小さい方で４つチー),no,2han,,,,,,,,,,,,,,,,,,
269,1,30,,,,,,chii_taasuushun,吃大四順,吃大四順の有無と価値を設定します(両面塔子を数字の大きい方で４つチー),no,2han,,,,,,,,,,,,,,,,,,
280,23,8,,刻子役の設定①,,,,kaimenkaze,開門風,開門風の有無と価値を設定します(開門位置の風牌が役牌扱い),no,1han,,,,,,,,,,,,,,,,,,
281,5,26,,,,,,urakaze,裏風,裏風の有無と価値を設定します(対面の風牌が役牌扱い),no,1han,,,,,,,,,,,,,,,,,,
282,31,0,,,,,,niinuma_kenji,新沼けんじ,新沼けんじの有無と価値を設定します(一索の刻子),no,1han,,,,,,,,,,,,,,,,,,
283,31,0,,,,,,jindaiko,陣太鼓,陣太鼓の有無と価値を設定します(一筒の刻子),no,1han,,,,,,,,,,,,,,,,,,
284,23,8,"not chk('urakaze', 'no')",,,,,three_otakaze,客風三刻,客風三刻の有無と価値を設定します(客風牌のみで三面子),no,3han,,,,,,,,,,,,,,,,,,
285,23,8,,,,,,three_winds,三風刻,三風刻の有無と価値を設定します(風牌で3刻子、雀頭は風牌以外),no,2han,,,,,,,,,,,,,,,,,,
286,23,8,"not chk('urakaze', 'no')",,,,,otakaze_xiaosanfeng,客風小三風,客風小三風の有無と価値を設定します(客風牌だけで小三風),no,2han,,,,,,,,,,,,,,,,,,
287,23,8,,,,,,xiaosanfeng,小三風,小三風の有無と価値を設定します(風牌で2つの刻子と1つの雀頭),no,1han,,,,,,,,,,,,,,,,,,
288,23,8,,,,,,four_honors,四字刻,四字刻の有無と価値を設定します(字牌で4面子、数牌で雀頭),no,yakuman,,,,,,,,,,,,,,,,,,
289,23,8,,,,,,heaven_tiger,天虎,天虎の有無と価値を設定します(発の刻子がある小四喜),no,triple_yakuman,,,,,,,,,,,,,,,,,,
290,23,8,,,,,,daikaiko,大怪湖,大怪湖の有無と価値を設定します(白の刻子がある小四喜),no,triple_yakuman,,,,,,,,,,,,,,,,,,
291,23,8,,,,,,y2kbug,千年虫,千年虫の有無と価値を設定します(九萬の刻子がある南雀頭の小四喜),no,double_yakuman,,,,,,,,,,,,,,,,,,
292,23,8,,,,,,dan_yaku,弾葯,弾葯の有無と価値を設定します(九萬雀頭の大四喜),no,triple_yakuman,,,,,,,,,,,,,,,,,,
293,23,8,,,,,,cactus,仙人掌,仙人掌の有無と価値を設定します(中雀頭の大四喜),no,quadruple_yakuman,,,,,,,,,,,,,,,,,,
294,23,8,,,,,,ara,阿拉,阿拉の有無と価値を設定します(九萬、南、發、中の刻子、白の雀頭),no,yakuman,,,,,,,,,,,,,,,,,,
295,23,8,,,,,,kaibakaben,快馬加鞭,快馬加鞭の有無と価値を設定します(西の刻子、北の雀頭がある字一色大三元),no,triple_yakuman,,,,,,,,,,,,,,,,,,
296,23,8,,,,,,suikougetsu,酔江月,酔江月の有無と価値を設定します(東の刻子、北の雀頭がある字一色大三元),no,triple_yakuman,,,,,,,,,,,,,,,,,,
297,31,0,,,,,,ryandoukoh,二同刻,二同刻の有無と価値を設定します(２色それぞれで同じ数字の刻子２組：対々和が複合),no,2han,,,,,,,,,,,,,,,,,,
298,31,0,,,,,,sanshoku_shoudoukoh,三色小同刻,三色小同刻の有無と価値を設定します(三色で同じ数の数牌のうち2つを刻子、残りを雀頭にする),no,1han,,,,,,,,,,,,,,,,,,
299,23,8,,,,,,yonshoku_doukoh,四色同刻,四色同刻の有無と価値を設定します(白の刻子がある三色同刻),no,yakuman,,,,,,,,,,,,,,,,,,
300,31,0,,,,,,odd_toitoi,奇数対々和,奇数対々和の有無と価値を設定します,no,4han,,,,,,,,,,,,,,,,,,
301,31,0,,,,,,even_toitoi,偶数対々和,偶数対々和の有無と価値を設定します,no,5han,,,,,,,,,,,,,,,,,,
302,23,8,,,,,,east_green,東發つきもの,東發つきものの有無と価値を設定します(東と発の刻子:付加役),no,1han,,,,,,,,,,,,,,,,,,
303,23,8,,,,,,south_white,南白つきもの,南白つきものの有無と価値を設定します(南と白の刻子:付加役),no,1han,,,,,,,,,,,,,,,,,,
304,23,8,,,,,,west_red,中西君,中西君の有無と価値を設定します(中、西の刻子),no,1han,3han,,,,,,,,,,,,,,,,,
305,31,0,,,,,,shou_sanrenkoh,小三連刻,小三連刻の有無と価値を設定します(三連刻を構成する3種のうち1種が雀頭),no,1han,,,,,,,,,,,,,,,,,,
306,31,0,,,,,,shou_suurenkoh,小四連刻,小四連刻の有無と価値を設定します(三連刻に連続する雀頭を含む和了形),no,4han,,,,,,,,,,,,,,,,,,
307,31,0,"chk('suurenkoh', 'no')",,,,,suurenkoh_double,四連刻両面待ち,四連刻両面待ちの有無と価値を設定します(四連刻を両端の牌でシャンポン待ち),no,double_yakuman,,,,,,,,,,,,,,,,,,
308,31,0,,,,,,tinsankoh,頂三刻,頂三刻の有無と価値を設定します(同色で１と５と９の刻子),no,2han,,,,,,,,,,,,,,,,,,
309,31,0,,,,,,chinpaikoh,筋牌刻,筋牌刻の有無と価値を設定します(同色で同じ筋の３刻子),no,2han,,,,,,,,,,,,,,,,,,
310,31,0,,,,,,chaopaikoh,跳牌刻,跳牌刻の有無と価値を設定します(同色で一つ飛びの３刻子),no,2han,,,,,,,,,,,,,,,,,,
311,31,0,,,,,,suuchaopaikoh,四跳牌刻,四跳牌刻の有無と価値を設定します(同色で一つ飛びの４刻子),no,yakuman,,,,,,,,,,,,,,,,,,
312,31,0,,,,,,nishoku_sanrenkoh,二色三連刻,二色三連刻の有無と価値を設定します(二色で数字の連続した３刻子),no,1han,,,,,,,,,,,,,,,,,,
313,31,0,,,,,,nishoku_chaopaikoh,二色跳牌刻,二色跳牌刻の有無と価値を設定します(二色で一つ飛びの３刻子),no,2han,,,,,,,,,,,,,,,,,,
314,31,0,,,,,,nishoku_chinpaikoh,二色筋牌刻,二色筋牌刻の有無と価値を設定します(二色で同じ筋の３刻子),no,2han,,,,,,,,,,,,,,,,,,
315,31,0,,,,,,nishoku_tinsankoh,二色頂三刻,二色頂三刻の有無と価値を設定します(二色で１と５と９の刻子),no,2han,,,,,,,,,,,,,,,,,,
316,31,0,,,,,,nishoku_suurenkoh,二色四連刻,二色四連刻の有無と価値を設定します(二色で数字の連続したの４刻子),no,3han,,,,,,,,,,,,,,,,,,
317,31,0,,,,,,nishoku_suuchaopaikoh,二色四跳牌刻,二色四跳牌刻の有無と価値を設定します(二色で一つ飛びの４刻子),no,3han,,,,,,,,,,,,,,,,,,
318,31,0,,,,,,sanshoku_renkoh,三色連刻,三色連刻の有無と価値を設定します(三色で連番になっている３つの刻子),no,2han,,,,,,,,,,,,,,,,,,
319,31,0,,,,,,sanshoku_chaopaikoh,三色跳牌刻,三色跳牌刻の有無と価値を設定します(三色で一つ飛びの３刻子),no,2han,,,,,,,,,,,,,,,,,,
320,31,0,,刻子役の設定②,,,,sanshoku_chinpaikoh,三色筋牌刻,三色筋牌刻の有無と価値を設定します(三色で同じ筋の３刻子),no,2han,,,,,,,,,,,,,,,,,,
321,31,0,,,,,,sanshoku_tinsankoh,三色頂三刻,三色頂三刻の有無と価値を設定します(三色で１と５と９の刻子),no,2han,,,,,,,,,,,,,,,,,,
322,31,0,,,,,,sanshoku_suurenkoh,三色四連刻,三色四連刻の有無と価値を設定します(三色で数字の連続したの４刻子),no,3han,,,,,,,,,,,,,,,,,,
323,31,0,,,,,,sanshoku_suuchaopaikoh,三色四跳牌刻,三色四跳牌刻の有無と価値を設定します(三色で一つ飛びの４刻子),no,3han,,,,,,,,,,,,,,,,,,
324,31,0,,,,,,golden_ladder,金梯,金梯の有無と価値を設定します(四連刻とそれに隣接する数字の雀頭),no,double_yakuman,,,,,,,,,,,,,,,,,,
325,31,0,,,,,,silver_ladder,銀梯,銀梯の有無と価値を設定します(二色で数字の連続したの４刻子とそれに隣接する数字の雀頭),no,4han,,,,,,,,,,,,,,,,,,
326,31,0,,,,,,sky_ladder,雲梯,雲梯の有無と価値を設定します(三色で数字の連続したの４刻子とそれに隣接する数字の雀頭),no,4han,,,,,,,,,,,,,,,,,,
327,23,8,,,,,,kinkei_hougyou,金鶏報暁,金鶏報暁の有無と価値を設定します(一索、東、中の刻子),no,3han,,,,,,,,,,,,,,,,,,
328,17,14,"not(chk('flower_tiles', 'seasons') or chk('flower_tiles', '8tiles'))",,,,,ginkei_houshun,銀鶏報春,銀鶏報春の有無と価値を設定します(一索、東、白の刻子と花牌の春),no,5han,,,,,,,,,,,,,,,,,,
329,23,8,,,,,,koukei_hougyou,紅鶏報暁,紅鶏報暁の有無と価値を設定します(一索、東、中、白の刻子と一筒の雀頭),no,yakuman,,,,,,,,,,,,,,,,,,
330,31,0,,,,,,uikyou_toitoi,茴香ポン(対々),茴香ポンの有無と価値を設定します(三色同刻と隣接する数字の刻子),no,6han,5han,,,,,,,,,,,,,,,,,
331,31,0,,,,,,uikyou_shuntsu,茴香ポン(非対々),茴香ポンの有無と価値を設定します(三色同刻と隣接する数字の順子、その順子に隣接する雀頭),no,4han,3han,,,,,,,,,,,,,,,,,
332,1,30,,,,,,baxian_chengfeng,八仙乗風過海,八仙乗風過海の有無と価値を設定します(８の三色同刻と白の刻子、東か南の雀頭),no,yakuman,,,,,,,,,,,,,,,,,,
333,1,30,,,,,,baxian_xifeng,八仙戯鳳,八仙戯鳳の有無と価値を設定します(８の三色同刻と西の刻子、一索の雀頭),no,yakuman,,,,,,,,,,,,,,,,,,
334,1,30,,,,,,baxian_xisifeng,八仙戯四鳳,八仙戯四鳳の有無と価値を設定します(８の三色同刻と一索の槓子、西の雀頭),no,yakuman,,,,,,,,,,,,,,,,,,
335,1,30,,,,,,baxian_xijingui,八仙戯金亀,八仙戯金亀の有無と価値を設定します(８の三色同刻と西の刻子、七索の雀頭),no,yakuman,,,,,,,,,,,,,,,,,,
336,9,22,,,,,,baxian_dou_beidou,八仙闘北斗,八仙闘北斗の有無と価値を設定します(８の三色同刻と七筒の刻子),no,yakuman,,,,,,,,,,,,,,,,,,
337,1,30,"not chk('flower_tiles', '8tiles')",,,,,baxian_jushou,八仙聚首,八仙聚首の有無と価値を設定します(８の三色同刻と花牌８枚),no,yakuman,,,,,,,,,,,,,,,,,,
338,23,8,,,,,,setsugetsuka,雪月花,雪月花の有無と価値を設定します(白、一筒、五筒の刻子),no,2han,3han,,,,,,,,,,,,,,,,,
339,23,8,,,,,,fuuka_setsugetsu,風花雪月,風花雪月の有無と価値を設定します(翻牌の風牌、五筒、白、一筒の刻子),no,yakuman,,,,,,,,,,,,,,,,,,
340,23,8,,,,,,kachou_fuugetsu,花鳥風月,花鳥風月の有無と価値を設定します(五筒、一索、翻牌の風牌、一筒の刻子),no,yakuman,,,,,,,,,,,,,,,,,,
341,23,8,,,,,,tohoku_expwy,東北自動車道,東北自動車道の有無と価値を設定します(東、北、二筒、四筒、六筒),no,yakuman,,,,,,,,,,,,,,,,,,
342,23,8,,,,,,higashikanto_expwy,東関東自動車道,東関東自動車道の有無と価値を設定します(二筒、四筒、六筒、東、西で対々和),no,yakuman,,,,,,,,,,,,,,,,,,
343,23,8,,,,,,nishinakajima,西中島南方,西中島南方の有無と価値を設定します(南場の西家か西場の南家で西、中、南の刻子),no,yakuman,,,,,,,,,,,,,,,,,,
344,23,8,,,,,,chuugen_chikuroku,中原逐鹿,中原逐鹿の有無と価値を設定します(中、発、七筒、六筒の刻子),no,yakuman,,,,,,,,,,,,,,,,,,
345,15,16,,,,,,turtle_egg,金亀孵蛋,金亀孵蛋の有無と価値を設定します(七索と一筒の刻子),no,2han,,,,,,,,,,,,,,,,,,
346,23,8,,,,,,kyokujitsu_toushou,旭日東昇,旭日東昇の有無と価値を設定します(一筒と東の刻子),no,1han,,,,,,,,,,,,,,,,,,
347,23,8,,,,,,riirao_shiishan,日落西山,日落西山の有無と価値を設定します(一筒と西の刻子),no,1han,,,,,,,,,,,,,,,,,,
348,23,8,,,,,,youbou_hokuto,揺望北斗,揺望北斗の有無と価値を設定します(二筒、七筒、北の刻子),no,2han,,,,,,,,,,,,,,,,,,
349,1,30,,,,,,big_dipper,北斗七星,北斗七星の有無と価値を設定します(７の三色同刻と北の刻子、白の雀頭),no,yakuman,,,,,,,,,,,,,,,,,,
350,23,8,,,,,,seisou_taigetsu,西廂待月,西廂待月の有無と価値を設定します(西と白の刻子、一筒の単騎または双ポン待ち和了り),no,2han,,,,,,,,,,,,,,,,,,
351,23,8,,,,,,seiko_jikkei,西湖十景,西湖十景の有無と価値を設定します(西の刻子と、足して10になる組み合わせの筒子の２刻子),no,yakuman,,,,,,,,,,,,,,,,,,
352,7,24,,,,,,volcanic_erruption,火山爆発(九の刻子),火山爆発の有無と価値を設定します(三索、中、発の刻子と９の刻子),no,yakuman,,,,,,,,,,,,,,,,,,
353,7,24,,,,,,volcanic_toitoi,火山爆発(五索・七索),火山爆発の有無と価値を設定します(三索、五索、七索、中、発で対々和),no,yakuman,,,,,,,,,,,,,,,,,,
354,23,8,,,,,,tanfon_chouyou,丹鳳朝陽,丹鳳朝陽の有無と価値を設定します(中、一筒、一索の刻子),no,yakuman,,,,,,,,,,,,,,,,,,
355,31,0,,,,,,queqiaohui,鵲橋会,鵲橋会の有無と価値を設定します(一索の刻子と７の刻子二つ),no,2han,,,,,,,,,,,,,,,,,,
356,7,24,,,,,,yigan_fengyue,一竿風月,一竿風月の有無と価値を設定します(二索、風牌、一筒の刻子),no,2han,,,,,,,,,,,,,,,,,,
357,23,8,,,,,,sanbei_meijiu,三杯美酒敬梅花,三杯美酒敬梅花の有無と価値を設定します(中、五筒と９の刻子),no,yakuman,,,,,,,,,,,,,,,,,,
358,23,8,,,,,,dongfeng_yadao,東風圧倒西風,東風圧倒西風の有無と価値を設定します(東の刻子と西の雀頭、または東の槓子と西の刻子),no,eastriplet2han_eastquad3han,,,,,,,,,,,,,,,,,,
359,15,16,,,,,,taikou_turtle,太公釣金亀,太公釣金亀の有無と価値を設定します(二索の刻子があって三索単騎で和了る),no,1han,,,,,,,,,,,,,,,,,,
360,23,8,,刻子役の設定③,,,,baohongkaihua,宝紅開花,宝紅開花の有無と価値を設定します(白と中の刻子と1の三色小同刻),no,yakuman,,,,,,,,,,,,,,,,,,
361,23,8,,,,,,kohaku_manju,紅白饅頭,紅白饅頭の有無と価値を設定します(白と中がある萬子の混一色:付加役),no,1han,2han,,,,,,,,,,,,,,,,,
362,23,8,,,,,,hakucho,白鳥,白鳥の有無と価値を設定します(白と一索の刻子がある対々和),no,5han,,,,,,,,,,,,,,,,,,
363,31,0,,,,,,hakuiisoo,白一色,白一色の有無と価値を設定します(８と９と白だけで和了る),no,yakuman,,,,,,,,,,,,,,,,,,
364,23,8,,,,,,snow_ginkaku,雪の銀閣,雪の銀閣の有無と価値を設定します(東、白、二筒、四筒、八筒で対々和),no,yakuman,,,,,,,,,,,,,,,,,,
365,7,24,,,,,,kitashirakawa,北白川,北白川の有無と価値を設定します(北、白、六索を刻子にする),no,yakuman,,,,,,,,,,,,,,,,,,
366,23,8,,,,,,newyear,お正月,お正月の有無と価値を設定します(１の三色同刻と東の刻子),no,yakuman,,,,,,,,,,,,,,,,,,
367,1,30,,,,,,alcoholism,アル中,アル中の有無と価値を設定します(２の三色同刻と中の刻子),no,yakuman,,,,,,,,,,,,,,,,,,
368,23,8,,,,,,kyukyusha,救急車,救急車の有無と価値を設定します(９の三色同刻、白の刻子、中の雀頭),no,yakuman,,,,,,,,,,,,,,,,,,
369,23,8,,,,,,tounansha,盗難車,盗難車の有無と価値を設定します(東、南、西の刻子),no,yakuman,,,,,,,,,,,,,,,,,,
370,23,8,,,,,,seishun_kuinashi,青春に悔いなし/あり,青春に悔いなしの有無と価値を設定します(門前で発と中の刻子。鳴くと「青春に悔いあり」と名を変える：役牌が複合),no,1han_menzen,2han_kuisagari,,,,,,,,,,,,,,,,,
371,25,6,,,,,,superman,スーパーマン,スーパーマンの有無と価値を設定します(四萬と八萬の刻子、または四萬と八萬の双ポン待ち),no,1han,,,,,,,,,,,,,,,,,,
372,31,0,,,,,,rinryanshii,琳両数,琳両数の有無と価値を設定します(2種類の数字のみで和了),no,6han,,,,,,,,,,,,,,,,,,
373,23,8,,,,,,baihua,白花,白花の有無と価値を設定します(五筒と白の刻子：付加役),no,1han,,,,,,,,,,,,,,,,,,
374,15,16,,,,,,jigu_ecao,撃鼓愕曹,撃鼓愕曹の有無と価値を設定します(一筒、二索と白の刻子),no,2han,,,,,,,,,,,,,,,,,,
375,23,8,,,,,,miyakonoseihoku,都の西北,都の西北の有無と価値を設定します(3、8、5、西、北で対々和),no,yakuman,,,,,,,,,,,,,,,,,,
376,23,8,,,,,,tokyo,東京二十三区,東京二十三区の有無と価値を設定します(東、2、3、9の刻子、混一色ならダブル役満),no,yakuman,,,,,,,,,,,,,,,,,,
377,31,0,,,,,,colonel_muska,ムスカ大佐,ムスカ大佐の有無と価値を設定します(6、4、3の刻子がある嵌張待ち和了),no,3han,,,,,,,,,,,,,,,,,,
378,23,8,,,,,,hatsune_miku,初音ミク,初音ミクの有無と価値を設定します(発、3、9の刻子),no,2han,,,,,,,,,,,,,,,,,,
379,23,8,,,,,,kagamine_rin,鏡音リン,鏡音リンの有無と価値を設定します(白と筒子のみで対々和、付加役),no,2han,,,,,,,,,,,,,,,,,,
380,23,8,,,,,,kagamine_len,鏡音レン,鏡音レンの有無と価値を設定します(白の刻子と三連刻、付加役),no,2han,,,,,,,,,,,,,,,,,,
381,23,8,,,,,,kagamine_rinlen,鏡音リンレン,鏡音リンレンの有無と価値を設定します(白の刻子と筒子の混一色三連刻),no,yakuman,,,,,,,,,,,,,,,,,,
382,9,22,,,,,,777,ビックボーナス,ビックボーナスの有無と価値を設定します(７の三色同刻),no,2han,yakuman,,,,,,,,,,,,,,,,,
383,31,0,,,,,,christmas,クリスマス,クリスマスの有無と価値を設定します(ある色で1と2、別の色で2と5の刻子。雀頭が七索ならダブル役満、12月25日の和了はさらに+役満),no,yakuman,,,,,,,,,,,,,,,,,,
384,15,16,,,,,,newyear_dream,一富士二鷹三茄子,一富士二鷹三茄子の有無と価値を設定します(三索、一索、八筒の順に鳴く、1月1日か2日の和了はダブル役満),no,yakuman,,,,,,,,,,,,,,,,,,
385,31,0,,,,,,musashimaru,武蔵丸,武蔵丸の有無と価値を設定します(一筒の刻子と任意の色の6、3、4の刻子、清一色ならダブル役満),no,yakuman,,,,,,,,,,,,,,,,,,
386,31,0,,,,,,hanshin,阪神,阪神の有無と価値を設定します(8と4の刻子),no,1han,,,,,,,,,,,,,,,,,,
387,23,8,,,,,,kobe,神戸,神戸の有無と価値を設定します(5と北の刻子),no,1han,,,,,,,,,,,,,,,,,,
388,31,0,,,,,,sapporo1,サッポロ一番,サッポロ一番の有無と価値を設定します(3、8、6の刻子があって東一局の最初の和了),no,yakuman,,,,,,,,,,,,,,,,,,
389,23,8,,,,,,pcrswt,ポカリスエット,ポカリスエットの有無と価値を設定します(248筒のどれかと発の刻子),no,1han,,,,,,,,,,,,,,,,,,
390,23,8,,,,,,aqrs,アクエリアス,アクエリアスの有無と価値を設定します(1359筒のどれかと発の刻子),no,1han,,,,,,,,,,,,,,,,,,
391,25,6,,,,,,smap,ＳＭＡＰ,ＳＭＡＰの有無と価値を設定します(四萬をポン),no,1han,,,,,,,,,,,,,,,,,,
392,23,8,,,,,,monster_hunter,モンスターハンター,モンスターハンターの有無と価値を設定します(風牌の刻子がある6巡以内の和了),no,yakuman,,,,,,,,,,,,,,,,,,
393,7,24,,,,,,asahikawa_raamen,旭川ラーメン,旭川ラーメンの有無と価値を設定します(1筒・3索・9索・北の刻子),no,yakuman,,,,,,,,,,,,,,,,,,
394,23,8,,,,,,saigou_nanshuu,西郷南州,西郷南州の有無と価値を設定します(西と南を刻子にした混一色対々和:付加役),no,2han,,,,,,,,,,,,,,,,,,
395,7,24,,,,,,seinansensou,西南戦争,西南戦争の有無と価値を設定します(西、南、三索の刻子),no,2han,,,,,,,,,,,,,,,,,,
396,23,8,,,,,,junsei_seinansensou,純正西南戦争,純正西南戦争の有無と価値を設定します(西、南の刻子、9の三色小同刻),no,yakuman,,,,,,,,,,,,,,,,,,
397,23,8,,,,,,kyushu_shinkansen,九州新幹線,九州新幹線の有無と価値を設定します(９の三色同刻がある五門斉:五門斉複合可),no,yakuman,,,,,,,,,,,,,,,,,,
398,31,0,,,,,,windows95,Windows95,Windows95の有無と価値を設定します(9の三色同刻、5の刻子と雀頭),no,yakuman,,,,,,,,,,,,,,,,,,
399,31,0,,,,,,windows98,Windows98,Windows98の有無と価値を設定します(9の三色同刻、8の刻子と雀頭),no,yakuman,,,,,,,,,,,,,,,,,,
400,31,0,,刻子役の設定④,,,,windows31,Windows3.1,Windows3.1の有無と価値を設定します(3と1だけで和了),no,yakuman,,,,,,,,,,,,,,,,,,
401,31,0,,,,,,windows7,Windows7,Windows7の有無と価値を設定します(7の刻子があって別色の7で和了),no,1han,,,,,,,,,,,,,,,,,,
402,9,22,,,,,,windows8,Windows8,Windows8の有無と価値を設定します(8の三色同刻＋三暗刻の複合),no,3han,,,,,,,,,,,,,,,,,,
403,31,0,,,,,,perfect_cherry_blossom,東方妖々夢,東方妖々夢の有無と価値を設定します(１の三色同刻),no,yakuman,,,,,,,,,,,,,,,,,,
404,17,14,,,,,,touhou_kouroumu,東方紅楼夢,東方紅楼夢の有無と価値を設定します(中と六萬の刻子があって東で和了),no,1han,,,,,,,,,,,,,,,,,,
405,23,8,,,,,,mountain_of_faith,東方風神録,東方風神録の有無と価値を設定します(風牌、7、6の刻子があり東で和了),no,yakuman,,,,,,,,,,,,,,,,,,
406,17,14,,,,,,hakurei_reimu,博麗霊夢,博麗霊夢の有無と価値を設定します(八萬、九萬、白、東、一筒で対々和),no,yakuman,,,,,,,,,,,,,,,,,,
407,17,14,,,,,,kirisame_marisa,霧雨魔理沙,霧雨魔理沙の有無と価値を設定します(北、南、八筒、白、三萬で対々和),no,yakuman,,,,,,,,,,,,,,,,,,
408,1,30,,,,,,alice_margatroid,アリス・マーガトロイド,アリス・マーガトロイドの有無と価値を設定します(東、三元牌、7の三色同刻でツモ和了り対々和、明刻子が2つ以上あること),no,baiman,,,,,,,,,,,,,,,,,,
409,7,24,,,,,,izayoi_sakuya,十六夜咲夜,十六夜咲夜の有無と価値を設定します(西、三索、九索、八索の刻子、中雀頭の双ポン待ち和了),no,yakuman,,,,,,,,,,,,,,,,,,
410,23,8,,,,,,nakameguro,中目黒,中目黒の有無と価値を設定します(中・二四八筒・風牌の対々和),no,yakuman,,,,,,,,,,,,,,,,,,
411,31,0,,,,,,inabauer,イナバウアー,イナバウアーの有無と価値を設定します(清一色で１、７、８、５、２の対々和),no,yakuman,,,,,,,,,,,,,,,,,,
412,31,0,,,,,,april_fool,四月馬鹿,四月馬鹿の有無と価値を設定します(４月１日に、同色の１と４の刻子があり、九筒を含む和了り),no,yakuman,,,,,,,,,,,,,,,,,,
413,23,8,,,,,,chuutounofue,中東の笛,中東の笛の有無と価値を設定します(中、東、７筒の刻子),no,yakuman,,,,,,,,,,,,,,,,,,
414,31,0,,,,,,sangokushi,三国志,三国志の有無と価値を設定します(３、５、９、４の刻子),no,yakuman,,,,,,,,,,,,,,,,,,
415,31,0,,,,,,ikkyuusan,一休さん,一休さんの有無と価値を設定します(１、９、３だけでの対々和),no,2han,yakuman,,,,,,,,,,,,,,,,,
416,7,24,,,,,,daimajin,大魔神,大魔神の有無と価値を設定します(三元牌のどれかと東の暗刻、５索単騎待ち),no,yakuman,,,,,,,,,,,,,,,,,,
417,23,8,,,,,,shouchikubai,松竹梅,松竹梅の有無と価値を設定します(一索以外の索子、発、一筒の刻子),no,yakuman,,,,,,,,,,,,,,,,,,
418,23,8,,,,,,panda,パンダ,パンダの有無と価値を設定します(白と一筒の刻子),no,1han,,,,,,,,,,,,,,,,,,
419,23,8,,,,,,kokkigun,黒旗軍,黒旗軍の有無と価値を設定します(南、白、８筒の刻子),no,2han,,,,,,,,,,,,,,,,,,
420,23,8,,,,,,hakkigun,白旗軍,白旗軍の有無と価値を設定します(西、白、１筒の刻子),no,2han,,,,,,,,,,,,,,,,,,
421,23,8,,,,,,kohkigun,紅旗軍,紅旗軍の有無と価値を設定します(南、中、１索の刻子),no,2han,,,,,,,,,,,,,,,,,,
422,23,8,,,,,,rankigun,藍旗軍,藍旗軍の有無と価値を設定します(東、発、７筒の刻子),no,2han,,,,,,,,,,,,,,,,,,
423,23,8,,,,,,dongfeng_yan_jian_liu,東風燕剪柳,東風燕剪柳の有無と価値を設定します(１索、９索、東の刻子),no,2han,,,,,,,,,,,,,,,,,,
424,7,24,,,,,,hashimoto_shin_ya,橋本真也,橋本真也の有無と価値を設定します(白、中、７筒、２索、９索で対々和),no,yakuman,,,,,,,,,,,,,,,,,,
425,23,8,,,,,,dai_nansei_shotou,大南西諸島,大南西諸島の有無と価値を設定します(１の三色同刻、南と西の刻子雀頭),no,double_yakuman,,,,,,,,,,,,,,,,,,
426,23,8,,,,,,hakuinotenshi,白衣の天使,白衣の天使の有無と価値を設定します(７、４、白の刻子、５の槓子、風牌雀頭),no,yakuman,,,,,,,,,,,,,,,,,,
427,23,8,,,,,,dragon_ball,七龍珠,七龍珠の有無と価値を設定します(一筒の刻子、二筒の雀頭のある大三元),no,double_yakuman,,,,,,,,,,,,,,,,,,
428,25,6,,,,,,shichigosan,七五三,七五三の有無と価値を設定します(３、５、７の数牌だけの和了),no,4han,mangan,,,,,,,,,,,,,,,,,
429,31,0,,,,,,gokurousan,御苦労さん,御苦労さんの有無と価値を設定します(同色で５、９、６、３の刻子),no,yakuman,,,,,,,,,,,,,,,,,,
430,31,0,,,,,,nikoniko_yakuman,ニコニコ役満,ニコニコ役満の有無と価値を設定します(２と５のみで対々和),no,yakuman,,,,,,,,,,,,,,,,,,
431,23,8,,,,,,feng_xue_bao_shangfeng,風雪宝双風,風雪宝双風の有無と価値を設定します(一筒、一索、自風、場風、白で対々和。ダブ風は不可),no,yakuman,,,,,,,,,,,,,,,,,,
432,23,8,,,,,,haruka_kanata,遥か彼方,遥か彼方の有無と価値を設定します(東、中、発の三暗刻),no,6han,,,,,,,,,,,,,,,,,,
433,31,0,,,,,,geki_sianke,激四暗刻,激四暗刻の有無と価値を設定します(四暗刻を一萬で和了る(四暗刻の上位役)),no,double_yakuman,,,,,,,,,,,,,,,,,,
434,23,8,,,,,,geki_daisangen,激大三元,激大三元の有無と価値を設定します(辺張待ちの門前大三元(上位役)),no,triple_yakuman,,,,,,,,,,,,,,,,,,
435,23,8,,,,,,geki_north,激北,激北の有無と価値を設定します(一筒、北の刻子),no,1han,,,,,,,,,,,,,,,,,,
436,23,8,,,,,,daikyuuhoh,大九和,大九和の有無と価値を設定します(９の三色同刻、西と中で刻子と雀頭),no,yakuman,,,,,,,,,,,,,,,,,,
437,23,8,,,,,,dairinkan,大林間,大林間の有無と価値を設定します(東、南、中の刻子),no,yakuman,,,,,,,,,,,,,,,,,,
438,17,14,,,,,,fujikospecial,藤子スペシャル,藤子スペシャルの有無と価値を設定します(ドラ、白、八萬の刻子),no,yakuman,,,,,,,,,,,,,,,,,,
439,9,22,,,,,,fujitv,フジテレビ,フジテレビの有無と価値を設定します(8の三色同刻、1筒雀頭),no,yakuman,,,,,,,,,,,,,,,,,,
440,23,8,,刻子役の設定⑤,,,,eastwind,東アジア,東アジアの有無と価値を設定します(中、北、南、1筒の刻子),no,double_yakuman,,,,,,,,,,,,,,,,,,
441,31,0,,,,,,bach,バッハ,バッハの有無と価値を設定します(8の二色同刻、残りの2面子1雀頭が筒子),no,3han_kuisagari,,,,,,,,,,,,,,,,,,
442,23,8,,,,,,kitajima_saburoh,北島三郎,北島三郎の有無と価値を設定します(３、６、北の刻子、45の搭子で36待ちの混一色、頭は字牌),no,yakuman,,,,,,,,,,,,,,,,,,
443,23,8,,,,,,reaper,大鎌の死神,大鎌の死神の有無と価値を設定します(7筒と東の刻子),no,1han,,,,,,,,,,,,,,,,,,
444,31,0,,,,,,koshigaya,越谷,越谷の有無と価値を設定します(5、4の刻子と8の槓子),no,1han,,,,,,,,,,,,,,,,,,
445,23,8,,,,,,kitakoshigaya,北越谷,北越谷の有無と価値を設定します(北、5、4の刻子と8の槓子),no,2han,,,,,,,,,,,,,,,,,,
446,23,8,,,,,,minamikoshigaya,南越谷,南越谷の有無と価値を設定します(南、5、4の刻子と8の槓子),no,2han,,,,,,,,,,,,,,,,,,
447,23,8,,,,,,wayouchuu,和洋中役満,和洋中役満の有無と価値を設定します(1筒、西、4の牌、中の刻子),no,yakuman,,,,,,,,,,,,,,,,,,
448,31,0,,,,,,leap_year,閏年役満,閏年役満の有無と価値を設定します(閏年に、色Aで2、色Bで2と9の刻子を作って和了),no,yakuman,,,,,,,,,,,,,,,,,,
449,23,8,,,,,,ikamusume,侵略イカ娘,侵略イカ娘の有無と価値を設定します(風牌のいずれか、白、發の暗刻(暗槓不可、三暗刻と複合),no,3han,,,,,,,,,,,,,,,,,,
450,23,8,,,,,,azumazushi,あずま寿し,あずま寿しの有無と価値を設定します(東の刻子、4の雀頭がある和了),no,1han,,,,,,,,,,,,,,,,,,
451,23,8,,,,,,nishiarai,西新井,西新井の有無と価値を設定します(西の刻子があり、1・2待ちで和了),no,1han,,,,,,,,,,,,,,,,,,
452,31,0,,,,,,kongougumi,金剛組,金剛組の有無と価値を設定します(5の牌2種、9の牌、3の牌の刻子),no,yakuman,,,,,,,,,,,,,,,,,,
453,23,8,,,,,,eastjapan_fukkou,東日本復興,東日本復興の有無と価値を設定します(東、1筒、2・5の刻子),no,yakuman,,,,,,,,,,,,,,,,,,
454,23,8,,,,,,seirogan,正露丸,正露丸の有無と価値を設定します(西、發の刻子と6筒の槓子),no,3han,,,,,,,,,,,,,,,,,,
455,7,24,,,,,,suzakumon,朱雀門,朱雀門の有無と価値を設定します(１索、４索、９索、中の刻子、南雀頭),no,yakuman,,,,,,,,,,,,,,,,,,
456,1,30,,,,,,quanliuke,全六刻,全六刻の有無と価値を設定します(６の三色同刻、發刻子),no,yakuman,,,,,,,,,,,,,,,,,,
457,23,8,,,,,,quanjiuke,全玖刻,全玖刻の有無と価値を設定します(９の三色同刻、中刻子),no,yakuman,,,,,,,,,,,,,,,,,,
458,17,14,,,,,,swanlake,白鳥湖,白鳥湖の有無と価値を設定します(４萬、５筒、１索、白の刻子),no,yakuman,,,,,,,,,,,,,,,,,,
459,17,14,,,,,,blackbirdlake,黒鳥湖,黒鳥湖の有無と価値を設定します(４萬、５筒、１索、北の刻子),no,yakuman,,,,,,,,,,,,,,,,,,
460,15,16,,,,,,dainihonshi,大日本史,大日本史の有無と価値を設定します(１筒、４筒、２索、４索の刻子),no,yakuman,,,,,,,,,,,,,,,,,,
461,1,30,,,,,,taikanokaishin,大化の改新,大化の改新の有無と価値を設定します(３色で６、４、５の刻子、中刻子),no,yakuman,,,,,,,,,,,,,,,,,,
462,7,24,,,,,,song_youren,青山横北郭白水遶東城,青山横北郭白水遶東城の有無と価値を設定します(東、白刻子、３索、北ポン),no,yakuman,,,,,,,,,,,,,,,,,,
463,23,8,,,,,,lanyise,藍一色,藍一色の有無と価値を設定します(１筒、２筒、風牌で対々和),no,yakuman,,,,,,,,,,,,,,,,,,
464,23,8,,,,,,minami_ootsunami,南大津波,南大津波の有無と価値を設定します(２３７筒、南の刻子),no,yakuman,,,,,,,,,,,,,,,,,,
465,7,24,,,,,,xijiujiu,西酒玖,西酒玖の有無と価値を設定します(９の三色同刻、西刻子、３索雀頭),no,yakuman,,,,,,,,,,,,,,,,,,
466,1,30,,,,,,namba_minami,難波ミナミ,難波ミナミの有無と価値を設定します(３色で「３・７・３」の刻子、「南・８」シャボ待ち８和了),no,yakuman,,,,,,,,,,,,,,,,,,
467,1,30,,,,,,qishen_xi_beidou,七神戯北斗,七神戯北斗の有無と価値を設定します(７の三色同刻、北刻子),no,yakuman,,,,,,,,,,,,,,,,,,
480,31,0,,槓子役・七対子系の役設定,,,,ryanankan,二暗槓,二暗槓の有無と価値を設定します,no,1han,,,,,,,,,,,,,,,,,,
481,31,0,,,,,,sanankan,三暗槓,三暗槓の有無と価値を設定します,no,yakuman,,,,,,,,,,,,,,,,,,
482,31,0,,,,,,sanshoku_doukan,三色同槓,三色同槓の有無と価値を設定します(三色同刻を全て槓子にする),no,5han_kuisagari,yakuman,,,,,,,,,,,,,,,,,
483,23,8,,,,,,chousangen,超三元,超三元の有無と価値を設定します(大三元を全て槓子にする),no,double_yakuman,,,,,,,,,,,,,,,,,,
484,23,8,,,,,,chousixi,超四喜,超四喜の有無と価値を設定します(大四喜を全て槓子にする),no,triple_yakuman,,,,,,,,,,,,,,,,,,
485,15,16,,,,,,tank,戦車,戦車の有無と価値を設定します(七索の槓子),no,1han,,,,,,,,,,,,,,,,,,
486,31,0,,,,,,sanadacoin,真田六文銭,真田六文銭の有無と価値を設定します(六筒の槓子),no,1han,,,,,,,,,,,,,,,,,,
487,15,16,,,,,,three_arrows,三矢の誓い,三矢の誓いの有無と価値を設定します(三索の槓子),no,1han,,,,,,,,,,,,,,,,,,
488,31,0,,,,,,grand_canyon,大峡谷,大峡谷の有無と価値を設定します(９の槓子３つ、８の刻子と雀頭),no,yakuman,,,,,,,,,,,,,,,,,,
489,23,8,,,,,,yukigeshou,雪化粧,雪化粧の有無と価値を設定します(一筒、九筒、白の槓子),no,yakuman,,,,,,,,,,,,,,,,,,
490,23,8,,,,,,shengdong_jixi,声東撃西,声東撃西の有無と価値を設定します(東と西の槓子),no,6han,,,,,,,,,,,,,,,,,,
491,23,8,,,,,,zaonan_chuangbei,走南闖北,走南闖北の有無と価値を設定します(南と北の槓子),no,6han,,,,,,,,,,,,,,,,,,
492,31,0,,,,,,setsubun,鬼は外,鬼は外の有無と価値を設定します(九筒の槓子、節分の日限定),no,1han,,,,,,,,,,,,,,,,,,
493,31,0,,,,,,souka,草加,草加の有無と価値を設定します(索子の加槓),no,1han,,,,,,,,,,,,,,,,,,
494,31,0,,,,,,goukaku_kigan,合格祈願(槓子),合格祈願の有無と価値を設定します(5と9の槓),no,yakuman,,,,,,,,,,,,,,,,,,
495,31,0,,,,,,shinkoshigaya,新越谷,新越谷の有無と価値を設定します(5、4、8の槓子。三槓子と複合),no,6han,,,,,,,,,,,,,,,,,,
499,15,16,,,,,,daichikurin,大竹林,大竹林の有無と価値を設定します(大車輪の索子版),no,yakuman_menzen,,,,,,,,,,,,,,,,,,
500,25,6,,,,,,daisuurin,大数隣,大数隣の有無と価値を設定します(大車輪の萬子版),no,yakuman_menzen,,,,,,,,,,,,,,,,,,
501,31,0,,,,,,shosharin,小車輪,小車輪の有無と価値を設定します(筒子で1～7か3～9のどちらかが2枚ずつ),no,yakuman_menzen,,,,,,,,,,,,,,,,,,
502,15,16,,,,,,shochikurin,小竹林,小竹林の有無と価値を設定します(小車輪の索子版),no,yakuman_menzen,,,,,,,,,,,,,,,,,,
503,25,6,,,,,,shosuurin,小数隣,小数隣の有無と価値を設定します(小車輪の萬子版),no,yakuman_menzen,,,,,,,,,,,,,,,,,,
504,31,0,,,,,,chuusharin,中車輪,中車輪の有無と価値を設定します(筒子の連なった七対子に空きが一つある形),no,yakuman_menzen,,,,,,,,,,,,,,,,,,
505,15,16,,,,,,chuuchikurin,中竹林,中竹林の有無と価値を設定します(索子の連なった七対子に空きが一つある形),no,yakuman_menzen,,,,,,,,,,,,,,,,,,
506,25,6,,,,,,chuusuurin,中数隣,中数隣の有無と価値を設定します(萬子の連なった七対子に空きが一つある形),no,yakuman_menzen,,,,,,,,,,,,,,,,,,
507,23,8,,,,,,gyakusharin,逆車輪,逆車輪の有無と価値を設定します(一筒、九筒のある混老頭七対子:付加役),no,4han_menzen,,,,,,,,,,,,,,,,,,
508,23,8,,,,,,gyakuchikurin,逆竹林,逆竹林の有無と価値を設定します(一索、九索のある混老頭七対子:付加役),no,4han_menzen,,,,,,,,,,,,,,,,,,
509,23,8,,,,,,gyakusuurin,逆数隣,逆数隣の有無と価値を設定します(一萬、九萬のある混老頭七対子:付加役),no,4han_menzen,,,,,,,,,,,,,,,,,,
510,23,8,,,,,,dragon_pairs,三元七対子,三元七対子の有無と価値を設定します(白發中がある七対子：付加役),no,1han_menzen,,,,,,,,,,,,,,,,,,
511,23,8,,,,,,wind_pairs,四喜七対子,四喜七対子の有無と価値を設定します(東南西北がある七対子：付加役),no,1han_menzen,,,,,,,,,,,,,,,,,,
512,31,0,,,,,,odd_pairs,奇数七対子,奇数七対子の有無と価値を設定します,no,1han_menzen,,,,,,,,,,,,,,,,,,
513,31,0,,,,,,even_pairs,偶数七対子,偶数七対子の有無と価値を設定します,no,2han_menzen,,,,,,,,,,,,,,,,,,
514,31,0,,,,,,sanshoku_doutoi,三色同対,三色同対の有無と価値を設定します(同一数字の対子3種を含む七対子:付加役),no,1han_menzen,,,,,,,,,,,,,,,,,,
515,23,8,,,,,,kouhaku_chiitoi,紅白七対,紅白七対の有無と価値を設定します(白と中のある七対子：三元七対子も複合可能),no,2han_menzen,,,,,,,,,,,,,,,,,,
516,7,24,,,,,,kita_no_daichi,北の大地,北の大地の有無と価値を設定します(索子の23468、北、白で七対子),no,yakuman_menzen,,,,,,,,,,,,,,,,,,
517,23,8,,,,,,sekaiichi,世界一,世界一の有無と価値を設定します(１の牌と風牌だけで七対子),no,yakuman_menzen,,,,,,,,,,,,,,,,,,
518,25,6,,,,,,nikoniko_pairs,ニコニコ七対子,ニコニコ七対子有無と価値を設定します(2と5の牌が6種全てある七対子),no,yakuman_menzen,,,,,,,,,,,,,,,,,,
519,31,0,,,,,,ikkyuusan_pairs,一休さん七対子,一休さん七対子(１、９、３だけで構成した七対子),no,3han_menzen,,,,,,,,,,,,,,,,,,
520,7,24,,全体手役の設定①,,,,kouitten,紅一点,紅一点の有無と価値を設定します(索子の２３４６８と中),no,yakuman,,,,,,,,,,,,,,,,,,
521,7,24,,,,,,benikujaku,紅孔雀,紅孔雀の有無と価値を設定します(索子の１５７９と中),no,yakuman,,,,,,,,,,,,,,,,,,
522,15,16,,,,,,ryuuiisohrin,緑一色輪,緑一色輪の有無と価値を設定します(五索が雀頭で残りは索子の２３４６８),no,yakuman,,,,,,,,,,,,,,,,,,
523,7,24,,,,,,all_green_with_white,白有り緑一色,白有り緑一色の有無と価値を設定します(白があり、残りを23468索か発で作る：２飜役とする場合は清二色),no,2han,yakuman,,,,,,,,,,,,,,,,,
524,15,16,,,,,,daisougen,大草原,大草原の有無と価値を設定します(1と8以外の索子でメンチン),no,yakuman_menzen,,,,,,,,,,,,,,,,,,
525,15,16,,,,,,south_daisougen,南大草原,南大草原の有無と価値を設定します(1と8以外の索子と南でメンホン),no,yakuman_menzen,,,,,,,,,,,,,,,,,,
526,23,8,,,,,,heiiisoh,黒一色,黒一色の有無と価値を設定します(筒子の２４８と風牌),no,yakuman,,,,,,,,,,,,,,,,,,
527,23,8,,,,,,ao_no_domon,青洞門,青洞門の有無と価値を設定します(２４８筒と発と風牌),no,yakuman,,,,,,,,,,,,,,,,,,
528,7,0,,,,,,no_red,断紅和,断紅和の有無と価値を設定します(248筒・23468索・風牌・白・発),no,3han,hon3han_chin6han,,,,,,,,,,,,,,,,,
528,8,0,,,,,,no_red,断紅和,断紅和の有無と価値を設定します(248筒・23468索・風牌・白・発),no,3han,6han,,,,,,,,,,,,,,,,,
528,16,0,,,,,,no_red,断紅和,断紅和の有無と価値を設定します(248筒・23468索・風牌・白・発),no,3han,,,,,,,,,,,,,,,,,,
529,31,0,,,,,,huaiisoh,花一色,花一色の有無と価値を設定します(図柄に赤色を含む牌のみでの和了、萬子染めは対象外),no,1han,,,,,,,,,,,,,,,,,,
530,31,0,,,,,,akaiisoh,赤一色,赤一色の有無と価値を設定します(135679筒・1579索のみの和了),no,2han,,,,,,,,,,,,,,,,,,
531,23,8,,,,,,hakuitten,白一点,白一点の有無と価値を設定します(筒子の135679と白のみで和了る。白は必須),no,5han_kuisagari,,,,,,,,,,,,,,,,,,
532,23,8,"chk('red_five', 'no')",,,,,taoyise,桃一色,桃一色の有無と価値を設定します(赤五筒と中があり、ほかは135679筒のみで和了),no,yakuman,,,,,,,,,,,,,,,,,,
533,7,24,,,,,,chayise,茶一色,茶一色の有無と価値を設定します(索子の緑牌と東西南北白発のみで和了),no,2han,,,,,,,,,,,,,,,,,,
534,25,6,,,,,,cheniisoh,橙一色,橙一色の有無と価値を設定します(萬子の断幺清一色),no,8han_kuisagari,,,,,,,,,,,,,,,,,,
535,31,0,,,,,,allmoney,金一色,金一色の有無と価値を設定します(一萬と筒子のみで和了),no,4han,,,,,,,,,,,,,,,,,,
536,15,16,,,,,,reverse_green,反緑一色,反緑一色の有無と価値を設定します(24678索・発のみの和了。七索は必須),no,yakuman,,,,,,,,,,,,,,,,,,
537,15,16,,,,,,reverse_ryuuiisohrin,反緑一色輪,反緑一色輪の有無と価値を設定します(24678索で4面子を作り五索で雀頭。七索は必須),no,yakuman,,,,,,,,,,,,,,,,,,
538,23,8,,,,,,reverse_black,反黒一色,反黒一色の有無と価値を設定します(筒子の２６８と風牌。六筒は必須),no,yakuman,,,,,,,,,,,,,,,,,,
539,31,0,,,,,,starlight,星光燦爛,星光燦爛の有無と価値を設定します(七筒の刻子のある清一色：付加役),no,1han,,,,,,,,,,,,,,,,,,
540,31,0,,,,,,uutaaran,武太郎売焼餅,武太郎売焼餅の有無と価値を設定します(四面子全てに５があり、雀頭が一筒),no,3han_kuisagari,,,,,,,,,,,,,,,,,,
541,31,0,,,,,,simian_chuge,四面楚歌,四面楚歌の有無と価値を設定します(同色で４面子、別の色の数牌で単騎待ち),no,4han,,,,,,,,,,,,,,,,,,
542,23,8,,,,,,honmanopotechi,翻満乃歩手地,翻満乃歩手地の有無と価値を設定します(発を含んだ筒子混一:付加役),no,1han,,,,,,,,,,,,,,,,,,
543,23,8,,,,,,kitanogyojou,北の漁場,北の漁場の有無と価値を設定します(混一色で33345666北北北、字牌の雀頭、3か6で和了る),no,yakuman,yakuman_menzen,,,,,,,,,,,,,,,,,
544,31,0,,,,,,prime_number,素数役満,素数役満の有無と価値を設定します(２、３、５、７の牌のみで和了),no,yakuman,,,,,,,,,,,,,,,,,,
545,31,0,,,,,,toipuutao,推不倒,推不倒の有無と価値を設定します(1234589筒・245689索・白だけで和了る),no,1han,4han,yakuman,,,,,,,,,,,,,,,,
546,23,8,,,,,,uumenchii,五門斉,五門斉の有無と価値を設定します(萬子、筒子、索子、風牌、三元牌を全て使う),no,2han,,,,,,,,,,,,,,,,,,
547,23,0,,,,,,chueiimen,絶一門,絶一門の有無と価値を設定します(萬子、筒子、索子のうちどれか一つがない),no,1han,1han_nohonors,,,,,,,,,,,,,,,,,
547,8,0,,,,,,chueiimen,絶一門,絶一門の有無と価値を設定します(萬子、筒子、索子のうちどれか一つがない),no,1han,,,,,,,,,,,,,,,,,,
548,31,0,,,,,,chuuren_hwaton,九蓮花燈,九蓮花燈の有無と価値を設定します(清一色でない1112345678999の形),no,4han_menzen,2han_menzen,,,,,,,,,,,,,,,,,
549,31,0,,,,,,exposed_chuuren,九蓮碧燈,九蓮碧燈の有無と価値を設定します(鳴いた清一色で1112345678999の形),no,3han,,,,,,,,,,,,,,,,,,
550,25,6,,,,,,kaga_million,百万石,百万石の有無と価値を設定します(萬子の清一色で数字の合計が100以上),no,yakuman,double_yakuman_if_just_100,,,,,,,,,,,,,,,,,
551,31,0,,,,,,pinzu_million,筒子百万石,筒子百万石の有無と価値を設定します(筒子の清一色で数字の合計が100以上),no,yakuman,,,,,,,,,,,,,,,,,,
552,25,6,,,,,,kishu550k,紀州五十五万石,紀州五十五万石の有無と価値を設定します(萬子の清一色で数字の合計が55),no,yakuman,,,,,,,,,,,,,,,,,,
553,25,6,,,,,,mito350k,水戸三十五万石,水戸三十五万石の有無と価値を設定します(萬子の清一色で数字の合計が35以下),no,yakuman,,,,,,,,,,,,,,,,,,
554,31,0,,,,,,fullmoon,フルムーン,フルムーンの有無と価値を設定します(清一色で数字の合計が88),no,yakuman,,,,,,,,,,,,,,,,,,
555,31,0,,,,,,minorage,未成年,未成年の有無と価値を設定します(字牌を含まず数字の合計が19),no,3han,6han,,,,,,,,,,,,,,,,,
556,31,0,,,,,,comingofage,成人式,成人式の有無と価値を設定します(字牌を含まず数字の合計が20),no,3han,yakuman,,,,,,,,,,,,,,,,,
557,31,0,,,,,,pi,円周率和,円周率和の有無と価値を設定します(門前清一色で11234555678999の形),no,yakuman_menzen,,,,,,,,,,,,,,,,,,
558,31,0,,,,,,square_root_two,√２和,√２和の有無と価値を設定します(門前清一色で1112233344567?の形),no,yakuman_menzen,,,,,,,,,,,,,,,,,,
559,31,0,,,,,,square_root_ten,√１０和,√１０和の有無と価値を設定します(門前清一色で11223366667778の形),no,yakuman_menzen,,,,,,,,,,,,,,,,,,
560,31,0,,全体手役の設定②,,,,natural_logarithm,自然対数の底,自然対数の底の有無と価値を設定します(門前清一色で122245788889?の形),no,yakuman_menzen,,,,,,,,,,,,,,,,,,
561,31,0,,,,,,imaginary_number,虚数和,虚数和の有無と価値を設定します(門前清一色で1235566777789?の形),no,yakuman_menzen,,,,,,,,,,,,,,,,,,
562,23,8,,,,,,henchantaiyao,偏全帯幺九,偏全帯幺九の有無と価値を設定します(一か九のどちらかがない全帯幺九),no,3han_kuisagari,,,,,,,,,,,,,,,,,,
563,31,0,,,,,,all_one,全帯一,全帯一の有無と価値を設定します(全ての面子と雀頭に数牌の１を含む),no,4han,6han_kuisagari,,,,,,,,,,,,,,,,,
564,31,0,,,,,,all_two,全帯二,全帯二の有無と価値を設定します(全ての面子と雀頭に数牌の２を含む),no,4han,,,,,,,,,,,,,,,,,,
565,31,0,,,,,,all_three,全帯三,全帯三の有無と価値を設定します(全ての面子と雀頭に数牌の３を含む),no,4han,,,,,,,,,,,,,,,,,,
566,31,0,,,,,,all_four,全帯四,全帯四の有無と価値を設定します(全ての面子と雀頭に数牌の４を含む),no,4han,,,,,,,,,,,,,,,,,,
567,31,0,,,,,,all_five,全帯五,全帯五の有無と価値を設定します(全ての面子と雀頭に数牌の５を含む),no,2han,3han_kuisagari,4han,6han_kuisagari,,,,,,,,,,,,,,,
568,31,0,,,,,,all_six,全帯六,全帯六の有無と価値を設定します(全ての面子と雀頭に数牌の６を含む),no,4han,,,,,,,,,,,,,,,,,,
569,31,0,,,,,,all_seven,全帯七,全帯七の有無と価値を設定します(全ての面子と雀頭に数牌の７を含む),no,4han,,,,,,,,,,,,,,,,,,
570,31,0,,,,,,all_eight,全帯八,全帯八の有無と価値を設定します(全ての面子と雀頭に数牌の８を含む),no,4han,,,,,,,,,,,,,,,,,,
571,31,0,,,,,,all_nine,全帯九,全帯九の有無と価値を設定します(全ての面子と雀頭に数牌の９を含む),no,4han,6han_kuisagari,,,,,,,,,,,,,,,,,
572,31,0,,,,,,xiaoyuwu,小於五,小於五の有無と価値を設定します(1、2、3、4の数牌のみで和了る),no,6han,,,,,,,,,,,,,,,,,,
573,31,0,,,,,,dayuwu,大於五,大於五の有無と価値を設定します(6、7、8、9の数牌のみで和了る),no,6han,,,,,,,,,,,,,,,,,,
574,31,0,,,,,,all_small,全小,全小の有無と価値を設定します(1、2、3の数牌のみで和了る),no,6han,,,,,,,,,,,,,,,,,,
575,31,0,,,,,,all_middle,全中,全中の有無と価値を設定します(4、5、6の数牌のみで和了る),no,6han,,,,,,,,,,,,,,,,,,
576,31,0,,,,,,all_large,全大,全大の有無と価値を設定します(7、8、9の数牌のみで和了る),no,6han,,,,,,,,,,,,,,,,,,
577,31,0,,,,,,high_tanyao,上級断幺九,上級断幺九の有無と価値を設定します(3～7の牌だけで和了),no,2han,,,,,,,,,,,,,,,,,,
578,6,25,,,,,,characters_mahjong,萬和,萬和の有無と価値を設定します(萬子の混一色),no,yakuman_char_winds,yakuman_char_honors,,,,,,,,,,,,,,,,,
600,31,0,,状況役の設定①,,,,bird_riichi,鳥立直,鳥立直の有無と価値を設定します(一索切ってリーチ：付加役),no,1han,,,,,,,,,,,,,,,,,,
601,31,0,"chk('riichi_ippatsu', 'no') or chk('riichi_ippatsu', 'chip_only')",,,,,chouippatsu,超一発,超一発の有無と価値を設定します(下家から立直一発を和了る),no,2han,,,,,,,,,,,,,,,,,,
602,23,8,"chk('riichi_ippatsu', 'no') or chk('riichi_ippatsu', 'chip_only')",,,,,minamityan,南単,南単の有無と価値を設定します(立直一発で南単騎の自摸和了),no,1han_menzen,,,,,,,,,,,,,,,,,,
603,1,30,,,,,,sanseki_tempuku,三隻転覆,三隻転覆の有無と価値を設定します(三人が立直時、立直していない人が自摸和了),no,3han,,,,,,,,,,,,,,,,,,
604,1,30,,,,,,kishi_kaisei,起死回生,起死回生の有無と価値を設定します(三人がダブル立直時、黙聴で自摸和了),no,yakuman,,,,,,,,,,,,,,,,,,
605,31,0,"chk('yakitori', 'no')",,,,,phoenix,不死鳥,不死鳥の有無と価値を設定します(オーラスで焼き鳥の時に和了る),no,2han,,,,,,,,,,,,,,,,,,
606,31,0,,,,,,uupin_kaihoh,五筒開花,五筒開花の有無と価値を設定します(五筒で嶺上開花),no,yakuman,4han,,,,,,,,,,,,,,,,,
607,23,8,,,,,,chunshan_kaihoh,中上開花,中上開花の有無と価値を設定します(嶺上開花を中で和了る),no,2han,,,,,,,,,,,,,,,,,,
608,31,0,,,,,,toukanhoh,頭槓和,頭槓和の有無と価値を設定します(純粋な一巡目に槓をして嶺上開花),no,yakuman,,,,,,,,,,,,,,,,,,
609,31,0,,,,,,renkan_kaihoh,連槓開花,連槓開花の有無と価値を設定します(立て続けに槓をして嶺上開花),no,2han,,,,,,,,,,,,,,,,,,
610,31,0,,,,,,sayonara_homerun,サヨナラホームラン,サヨナラホームランの有無と価値を設定します(海底の１つ前の牌を槓して嶺上開花),no,3han,,,,,,,,,,,,,,,,,,
611,31,0,,,,,,shenshang_kaihoh,深上開花,深上開花の有無と価値を設定します(オーラスに嶺上開花),no,2han,,,,,,,,,,,,,,,,,,
612,31,0,,,,,,hanami,花見,花見の有無と価値を設定します(５筒を槓して、３の牌で嶺上開花),no,2han,,,,,,,,,,,,,,,,,,
613,15,16,,,,,,ryanzoh_chankan,二索槍槓,二索槍槓の有無と価値を設定します(二索で搶槓),no,yakuman,4han,,,,,,,,,,,,,,,,,
614,31,0,,,,,,shen_chankan,深槍槓,深槍槓の有無と価値を設定します(オーラスに搶槓),no,2han,,,,,,,,,,,,,,,,,,
615,31,0,,,,,,iipin_moyue,一筒摸月,一筒摸月の有無と価値を設定します(一筒で海底摸月),no,yakuman,4han,,,,,,,,,,,,,,,,,
616,31,0,,,,,,haitei_raotsen,海底撈針,海底撈針の有無と価値を設定します(一萬を海底ツモ：付加役),no,1han,,,,,,,,,,,,,,,,,,
617,31,0,,,,,,haitei_raohwa,海底撈花,海底撈花の有無と価値を設定します(五筒を海底ツモ：付加役),no,1han,,,,,,,,,,,,,,,,,,
618,23,8,,,,,,hatsutei_moyue,発底摸月,発底摸月の有無と価値を設定します(海底摸月を発で和了る),no,2han,,,,,,,,,,,,,,,,,,
619,31,0,,,,,,shen_haitei,深海底,深海底の有無と価値を設定します(オーラスに海底摸月),no,2han,,,,,,,,,,,,,,,,,,
620,31,0,,,,,,chuupin_raoyui,九筒撈魚,九筒撈魚の有無と価値を設定します(九筒で河底撈魚),no,yakuman,4han,,,,,,,,,,,,,,,,,
621,23,8,,,,,,hakutei_raoyui,白底撈魚,白底撈魚の有無と価値を設定します(河底撈魚を白で和了る),no,2han,,,,,,,,,,,,,,,,,,
622,31,0,,,,,,shenyuanhu,深淵和,深淵和の有無と価値を設定します(オーラスに河底撈魚),no,2han,,,,,,,,,,,,,,,,,,
623,31,0,,,,,,nitei_raochun,泥底撈蟲,泥底撈蟲の有無と価値を設定します(裸単騎で海底か河底和了り),no,1han,,,,,,,,,,,,,,,,,,
624,23,8,,,,,,maaboodoufu,ラストオーダー麻婆豆腐,ラストオーダー麻婆豆腐の有無と価値を設定します(海底または河底で白で和了る：付加役),no,1han,,,,,,,,,,,,,,,,,,
625,31,0,,,,,,three_years_on_stone,石の上にも三年,石の上にも三年の有無と価値を設定します(ダブル立直と海底か河底の複合),no,yakuman,,,,,,,,,,,,,,,,,,
626,31,0,,,,,,tsubame_gaeshi,燕返し,燕返しの有無と価値を設定します(リーチ宣言牌をロン),no,1han,,,,,,,,,,,,,,,,,,
627,31,0,,,,,,hien,飛燕,飛燕の有無と価値を設定します(ダブル立直宣言牌をロンする),no,double_yakuman,,,,,,,,,,,,,,,,,,
628,31,0,,,,,,keppaihoh,欠牌和,欠牌和の有無と価値を設定します(嵌張・辺張・単騎のラス牌和了り),no,1han,,,,,,,,,,,,,,,,,,
629,31,0,,,,,,jinji_duoshi,金鶏奪食,金鶏奪食の有無と価値を設定します(欠牌和を搶槓で和了),no,1han,,,,,,,,,,,,,,,,,,
630,31,0,,,,,,kamburi,槓振り,槓振りの有無と価値を設定します(槓した直後の捨て牌でロン),no,1han,,,,,,,,,,,,,,,,,,
631,23,8,,,,,,otakaze_ron,客来和,客来和の有無と価値を設定します(客風牌をロン),no,1han,,,,,,,,,,,,,,,,,,
632,31,0,,,,,,breaking_paarenchan,破回八連荘,破回八連荘の有無と価値を設定します(親が八連荘の権利がある時の子の和了り),no,yakuman_unbound,yakuman,,,,,,,,,,,,,,,,,
633,23,8,,,,,,anchumosaku,暗中模索,暗中模索の有無と価値を設定します(中を暗槓して索子で自摸和),no,1han,,,,,,,,,,,,,,,,,,
634,31,0,,,,,,dorahoh,ドラ和,ドラ和の有無と価値を設定します(ドラで和了する),no,1han,,,,,,,,,,,,,,,,,,
635,25,6,,,,,,sumaro,四馬路,四馬路の有無と価値を設定します(満貫以上を和了っている状態で四萬をロン),no,1han,,,,,,,,,,,,,,,,,,
636,17,14,,,,,,namu_hachiman,南無八幡,南無八幡の有無と価値を設定します(南、白、八萬の刻子),no,yakuman,,,,,,,,,,,,,,,,,,
637,31,0,,,,,,houkansou,鳳還巣,鳳還巣の有無と価値を設定します(一索を捨てている状態で一索単騎をツモ和了り),no,1han,2han,,,,,,,,,,,,,,,,,
638,31,0,,,,,,gekkanjun,月還巡,月還巡の有無と価値を設定します(一筒を捨てている状態で一筒単騎をツモ和了り),no,1han,2han,,,,,,,,,,,,,,,,,
639,31,0,,,,,,shinriishou,針戻手,針戻手の有無と価値を設定します(一萬を捨てている状態で一萬単騎をツモ和了り),no,1han,2han,,,,,,,,,,,,,,,,,
640,15,16,,状況役の設定②,,,,kinki_kikan,金亀帰還,金亀帰還の有無と価値を設定します(七索を捨てている状態で七索単騎をツモ和了り),no,1han,2han,,,,,,,,,,,,,,,,,
641,31,0,,,,,,hokuto_shoukan,北斗召還,北斗召還の有無と価値を設定します(七筒を捨てている状態で七筒単騎をツモ和了り),no,1han,2han,,,,,,,,,,,,,,,,,
642,25,6,,,,,,daija_kanketsu,大蛇還穴,大蛇還穴の有無と価値を設定します(七萬を捨てている状態で七萬単騎をツモ和了り),no,1han,2han,,,,,,,,,,,,,,,,,
643,23,8,,,,,,dongfengchui,東風吹,東風吹の有無と価値を設定します(東を捨てている状態で東単騎をツモ和了り),no,1han,2han,,,,,,,,,,,,,,,,,
644,23,8,,,,,,nanfengchui,南風吹,南風吹の有無と価値を設定します(南を捨てている状態で南単騎をツモ和了り),no,1han,2han,,,,,,,,,,,,,,,,,
645,23,8,,,,,,xifengchui,西風吹,西風吹の有無と価値を設定します(西を捨てている状態で西単騎をツモ和了り),no,1han,2han,,,,,,,,,,,,,,,,,
646,23,8,,,,,,beifengchui,北風吹,北風吹の有無と価値を設定します(北を捨てている状態で北単騎をツモ和了り),no,1han,2han,,,,,,,,,,,,,,,,,
647,31,0,,,,,,golddragon,金龍天和,金龍天和の有無と価値を設定します(3巡目までに筒子で和了),no,1han,,,,,,,,,,,,,,,,,,
648,23,8,,,,,,whirlwind,旋風栄和,旋風栄和の有無と価値を設定します(3巡目までに風牌で和了),no,yakuman,,,,,,,,,,,,,,,,,,
649,31,0,,,,,,bolt_from_the_blue,青天の霹靂,青天の霹靂の有無と価値を設定します(誰も立直・副露・暗槓していない状態で4巡目以内に和了),no,4han,,,,,,,,,,,,,,,,,,
650,15,16,,,,,,meiling,美鈴,美鈴の有無と価値を設定します(二索で栄和),no,1han,,,,,,,,,,,,,,,,,,
651,23,8,,,,,,lily_white,リリーホワイト,リリーホワイトの有無と価値を設定します(ダブル立直を白で和了る),no,1han_menzen,,,,,,,,,,,,,,,,,,
652,15,16,,,,,,nekomasshigura,猫まっしぐら,猫まっしぐらの有無と価値を設定します(三索の嵌張待ちで和了る),no,1han,,,,,,,,,,,,,,,,,,
653,23,8,,,,,,pei4jun_riichi,北四巡(立直自摸),北四巡の有無と価値を設定します(立直して4巡目に北でツモアガリ),no,yakuman,,,,,,,,,,,,,,,,,,
654,31,0,,,,,,shokan,初槓,初槓の有無と価値を設定します(１巡目で槓をする),no,1han,,,,,,,,,,,,,,,,,,
655,31,0,,,,,,kansanjun,槓三巡,槓三巡の有無と価値を設定します(３巡目で槓をする),no,1han,2han,,,,,,,,,,,,,,,,,
656,31,0,,,,,,renpai_tenhoh,戻牌天和,戻牌天和の有無と価値を設定します(ツモアガリを見逃しフリテンとなった次の巡目でツモアガリ),no,1han,,,,,,,,,,,,,,,,,,
680,31,0,,その他の役設定①,,,,shiiaru_raotai,十二落抬,十二落抬の有無と価値を設定します(４面子をチーポン明槓で作る),no,1han,1han_ron_only,,,,,,,,,,,,,,,,,
681,31,0,,,,,,kinkei_dokuritsu,金鶏独立,金鶏独立の有無と価値を設定します(一索待ちの十二落抬),no,yakuman,,,,,,,,,,,,,,,,,,
682,23,8,,,,,,kankou_no_yuki,独釣寒江雪,独釣寒江雪の有無と価値を設定します(白待ちの十二落抬),no,yakuman,,,,,,,,,,,,,,,,,,
683,31,0,,,,,,haouben,覇王鞭,覇王鞭の有無と価値を設定します(同じ筋の牌で下から槓子・刻子・対子の順またはその逆),no,6han,6han_bamboo_only,,,,,,,,,,,,,,,,,
684,31,0,,,,,,ryuukanchan,劉関張,劉関張の有無と価値を設定します(連続する数牌で下から槓子・刻子・対子の順またはその逆),no,6han,,,,,,,,,,,,,,,,,,
685,9,22,,,,,,xique_naomei,喜鵲閙梅,喜鵲閙梅の有無と価値を設定します(一索と五筒の刻子、123萬と123筒の順子、五索の雀頭),no,6han,,,,,,,,,,,,,,,,,,
686,23,8,,,,,,sekigan_seiryuu,赤眼青龍,赤眼青龍の有無と価値を設定します(234筒の順子、二筒・四筒・八筒・(白or東)で刻子と雀頭),no,yakuman,,,,,,,,,,,,,,,,,,
687,31,0,,,,,,blackjack,黒衣騎士,黒衣騎士の有無と価値を設定します(数牌の数字の合計が21),no,2han,,,,,,,,,,,,,,,,,,
688,23,8,,,,,,white_knight,白衣騎士,白衣騎士の有無と価値を設定します(白の刻子がある黒衣騎士),no,yakuman,,,,,,,,,,,,,,,,,,
689,23,8,,,,,,seikan_tunnel,青函トンネル,青函トンネルの有無と価値を設定します(発の槓子、東の明刻、一筒の刻子),no,yakuman,,,,,,,,,,,,,,,,,,
690,23,8,,,,,,seikan_ship,青函連絡船,青函連絡船の有無と価値を設定します(発の暗槓、北の雀頭、一気通貫),no,yakuman,,,,,,,,,,,,,,,,,,
691,23,8,,,,,,tokyo_olympic_monochrome,東京五輪(混一色),東京オリンピックの有無と価値を設定します(東と五筒がある混一色),no,yakuman,,,,,,,,,,,,,,,,,,
692,23,8,,,,,,tokyo_olympic_polychrome,東京五輪(五門斉),東京オリンピックの有無と価値を設定します(ダブ東の刻子がある五門斉),no,yakuman,,,,,,,,,,,,,,,,,,
693,23,8,,,,,,higashi_hanazono_triplets,東花園(刻子),東花園の有無と価値を設定します(東、8、7の刻子),no,yakuman,,,,,,,,,,,,,,,,,,
694,23,8,,,,,,higashi_hanazono_rinshan,東花園(嶺上開花),東花園の有無と価値を設定します(ダブ東を槓して嶺上開花),no,yakuman,,,,,,,,,,,,,,,,,,
695,1,30,,,,,,fuyusona,冬のソナタ,冬のソナタの有無と価値を設定します(北雀頭で三色同順、全帯幺、中の複合),no,yakuman,,,,,,,,,,,,,,,,,,
696,23,8,,,,,,fuyusona2,冬のソナタ２,冬のソナタ２の有無と価値を設定します(123か789の順子2色、2の刻子、残りは北と中),no,yakuman,,,,,,,,,,,,,,,,,,
697,1,30,,,,,,nansei_islands,南西諸島,南西諸島の有無と価値を設定します(123か789の三色同順、南と西の刻子雀頭),no,2han,2han_kuisagari,,,,,,,,,,,,,,,,,
698,23,8,,,,,,univ_tokyo,東大役満,東大役満の有無と価値を設定します(東の暗槓、順子3組がある門前両面待ち和了),no,yakuman_menzen,,,,,,,,,,,,,,,,,,
699,23,8,,,,,,univ_hokkaido,北大役満,北大役満の有無と価値を設定します(北の暗槓、順子3組がある門前両面待ち和了),no,yakuman_menzen,,,,,,,,,,,,,,,,,,
700,23,8,,,,,,univ_chuo,中大役満,中大役満の有無と価値を設定します(中の暗槓、順子3組がある門前両面待ち和了),no,yakuman_menzen,,,,,,,,,,,,,,,,,,
701,23,8,,,,,,hakuoh_gakuen,白皇学院,白皇学院の有無と価値を設定します(白の暗槓、順子3組がある門前両面待ち和了),no,yakuman_menzen,,,,,,,,,,,,,,,,,,
702,23,8,,,,,,univ_tohoku,東北大役満,東北大役満の有無と価値を設定します(東と北の暗槓、順子2組がある門前両面待ち和了),no,yakuman_menzen,,,,,,,,,,,,,,,,,,
703,31,0,,,,,,univ_nagoya,名大役満,名大役満の有無と価値を設定します(5と8の暗槓、順子2組がある門前両面待ち和了),no,yakuman_menzen,,,,,,,,,,,,,,,,,,
704,31,0,,,,,,univ_osaka,阪大役満,阪大役満の有無と価値を設定します(８の暗槓、順子3組がある門前両面待ち和了),no,yakuman_menzen,,,,,,,,,,,,,,,,,,
705,31,0,,,,,,univ_kyushu,九大役満,九大役満の有無と価値を設定します(９の暗槓、順子3組がある門前両面待ち和了),no,yakuman_menzen,,,,,,,,,,,,,,,,,,
706,23,8,,,,,,goukaku_kigan_east,合格祈願(東刻子),合格祈願の有無と価値を設定します(東の刻子がある場合五筒1枚につき1飜),no,yes,,,,,,,,,,,,,,,,,,
707,31,0,,,,,,karasu,カラス,カラスの有無と価値を設定します(役なしの嵌張・辺張・単騎和了り),no,1han,,,,,,,,,,,,,,,,,,
708,31,0,,,,,,karasu_riichi,カラス立直,カラス立直の有無と価値を設定します(立直のみの和了),no,1han,,,,,,,,,,,,,,,,,,
709,23,8,,,,,,kitamakura,北枕,北枕の有無と価値を設定します(役満・１飜手以外でドラでない北が雀頭),no,-1han,,,,,,,,,,,,,,,,,,
710,31,0,,,,,,four_into_one,四帰一,四帰一の有無と価値を設定します(順子と刻子で４枚使い),no,1han,,,,,,,,,,,,,,,,,,
711,31,0,,,,,,double_four_into_one,両四帰一,両四帰一の有無と価値を設定します(四帰一を二組),no,2han,3han,,,,,,,,,,,,,,,,,
712,31,0,,,,,,tiger_four_into_one,虎四帰一,虎四帰一の有無と価値を設定します(順子と２刻子で二組の４枚使い),no,2han,3han,,,,,,,,,,,,,,,,,
713,31,0,,,,,,dragon_four_into_one,龍四帰一,龍四帰一の有無と価値を設定します(順子と３刻子で三組の４枚使い),no,yakuman,,,,,,,,,,,,,,,,,,
714,31,0,,,,,,four_into_three,四帰三,四帰三の有無と価値を設定します(順子二つと雀頭で４枚使い),no,3han,,,,,,,,,,,,,,,,,,
715,31,0,,,,,,four_into_three_one,四帰三一,四帰三一の有無と価値を設定します(四帰三と四帰一の複合),no,4han,,,,,,,,,,,,,,,,,,
716,31,0,,,,,,four_into_four,四帰四,四帰四の有無と価値を設定します(順子４つで４枚使い),no,6han,,,,,,,,,,,,,,,,,,
717,31,0,,,,,,double_four_into_four,重四帰四,重四帰四の有無と価値を設定します(順子４つで２組の４枚使い),no,8han,,,,,,,,,,,,,,,,,,
718,31,0,,,,,,great_four_into_four,大四帰四,大四帰四の有無と価値を設定します(四帰四と四帰三の複合),no,yakuman,,,,,,,,,,,,,,,,,,
719,23,8,,,,,,azure_dragon,東の青龍,東の青龍の有無と価値を設定します(筒子の一気通貫、東の暗槓、白の雀頭),no,yakuman_menzen,,,,,,,,,,,,,,,,,,
720,7,24,,その他の役設定②,,,,vermilion_bird,南の朱雀,南の朱雀の有無と価値を設定します(一索と南の槓子、５７９索のうち２つの刻子、中の雀頭),no,yakuman,,,,,,,,,,,,,,,,,,
721,1,30,,,,,,white_tiger,西の白虎,西の白虎の有無と価値を設定します(３の三色同刻、西の槓子、白の雀頭),no,yakuman,,,,,,,,,,,,,,,,,,
722,7,24,,,,,,black_tortoise,北の玄武,北の玄武の有無と価値を設定します(筒子の一気通貫、北の暗槓、七索の雀頭),no,yakuman_menzen,,,,,,,,,,,,,,,,,,
723,31,0,,,,,,fengzike,鳳子刻,鳳子刻の有無と価値を設定します(同色で111456999の形),no,1han,,,,,,,,,,,,,,,,,,
724,31,0,,,,,,longzike,竜子刻,竜子刻の有無と価値を設定します(同色で123555789の形),no,1han,,,,,,,,,,,,,,,,,,
725,1,30,"chk('flower_tiles', 'no')",,,,,own_flower,本花,本花の有無と価値を設定します(自分の風と対応する花牌：東家は春と梅、南家は夏と蘭、西家は秋と菊、北家は冬と竹),no,1han_added,,,,,,,,,,,,,,,,,,
726,1,30,"chk('flower_tiles', 'no') or chk('flower_tiles', 'flowers')",,,,,four_seasons,春夏秋冬,春夏秋冬の有無と価値を設定します(季節牌４枚全てそろえる),no,2han_added,4han_added,yakuman_unbound,yakuman,,,,,,,,,,,,,,,
727,1,30,"chk('flower_tiles', 'no') or chk('flower_tiles', 'seasons')",,,,,four_flowers,四華開嶺,四華開嶺の有無と価値を設定します(草木牌４枚全てそろえる),no,2han_added,4han_added,yakuman_unbound,yakuman,,,,,,,,,,,,,,,
728,1,30,"not chk('flower_tiles', '8tiles')",,,,,eight_flowers,八仙過海,八仙過海の有無と価値を設定します(花牌８枚全てそろえる),no,yakuman_unbound,yakuman,,,,,,,,,,,,,,,,,
729,22,9,"chk('flower_tiles', 'no')",,,,,four_northes,北四枚抜き,北四枚抜きの有無と価値を設定します(抜きドラの北を4枚抜く),no,yakuman_unbound,yakuman,,,,,,,,,,,,,,,,,
730,9,0,"not (chk('red_one', 'no') and chk('red_two', 'no') and chk('red_three', 'no') and chk('red_four', 'no') and (chk('red_five', '3tiles') or chk('red_five', '4tiles')) and chk('red_six', 'no') and chk('red_seven', 'no') and chk('red_eight', 'no') and chk('red_nine', 'no') and chk('red_west', 'no') and chk('red_north', 'no'))",,,,,akadora_all,赤ドラ三色/門泥公,赤ドラ三色/門泥公の有無と価値を設定します(手牌に赤ドラを3枚/4枚全てを使う。赤五のみ対応),no,1han,2han_kuisagari,3han,-4han,,,,,,,,,,,,,,,
730,22,0,"not (chk('red_one', 'no') and chk('red_two', 'no') and chk('red_three', 'no') and chk('red_four', 'no') and chk('red_five', '4tiles') and chk('red_six', 'no') and chk('red_seven', 'no') and chk('red_eight', 'no') and chk('red_nine', 'no') and chk('red_west', 'no') and chk('red_north', 'no'))",,,,,akadora_all,門泥公,門泥公の有無と価値を設定します(手牌に赤ドラを4枚全てを使う。赤五のみ対応),no,>>>,2han_kuisagari,>>>,-4han,,,,,,,,,,,,,,,
731,23,8,,,,,,shiisan_uushii,十三無靠,十三無靠の有無と価値を設定します(親の配牌か子の第一ツモで14枚全部が孤立牌),no,yakuman,,,,,,,,,,,,,,,,,,
732,23,8,,,,,,stellar_uushii,七星無靠,七星無靠の有無と価値を設定します(字牌7種を1枚ずつと、三色それぞれが別々の筋の浮き牌7枚),no,yakuman,mangan,,,,,,,,,,,,,,,,,
733,23,8,,,,,,quanbukao,全不靠,全不靠の有無と価値を設定します(三色それぞれ別々の筋の数牌と字牌から1枚ずつ計14枚揃える),no,3han_30fu,3han_40fu,4han_40fu,mangan,yakuman,,,,,,,,,,,,,,
734,9,22,,,,,,zuhelong,組合龍,組合龍の有無と価値を設定します(3色でそれぞれ「一四七」「二五八」「三六九」の牌を揃える),no,1han_menzen,2han,3han,,,,,,,,,,,,,,,,
735,23,8,,,,,,civil_war,南北戦争,南北戦争の有無と価値を設定します(東と南の刻子、ある色で1881、別の色で1885),no,yakuman,,,,,,,,,,,,,,,,,,
736,1,30,,,,,,tohoku_shinkansen_green,東北新幹線グリーン車,東北新幹線グリーン車の有無と価値を設定します(東と北で刻子と雀頭、残りは1から9で23468のどれか1枚が索子、ほかが萬子),no,yakuman,yakuman_menzen,,,,,,,,,,,,,,,,,
737,31,0,,,,,,syzygy,惑星直列,惑星直列の有無と価値を設定します(筒子で11233455677899の形),no,yakuman_menzen,,,,,,,,,,,,,,,,,,
738,31,0,,,,,,grand_cross,愚濫怒苦露酢,愚濫怒苦露酢の有無と価値を設定します(筒子で12344455666789の形),no,yakuman_menzen,,,,,,,,,,,,,,,,,,
739,23,8,,,,,,sevenup,セブンアップ,セブンアップの有無と価値を設定します(一色で1234567東南西北白發中の形),no,yakuman_menzen,,,,,,,,,,,,,,,,,,
740,1,30,,,,,,ninnaji,仁和寺,仁和寺の有無と価値を設定します(3色で「2南4」、「東南西北」1枚ずつ、白または8筒),no,yakuman_menzen,,,,,,,,,,,,,,,,,,
